FIPS,fraction_forest
01001,0.7958047270633617
01003,0.5641613407267103
01005,0.7591821226573358
01007,0.8453481775534872
01009,0.5735079262477258
01011,0.8028648607324242
01013,0.8341898000736886
01015,0.5341651016966986
01017,0.820463639001848
01019,0.6483872608325576
01021,0.7564319489491261
01023,0.9007300797276223
01025,0.8933401980331774
01027,0.8171255057497382
01029,0.7602987080274178
01031,0.5625378884367765
01033,0.539239337015337
01035,0.8374882903520794
01037,0.8452446671435997
01039,0.7564960955502159
01041,0.8145015126254794
01043,0.4810586336164062
01045,0.7409487844323249
01047,0.6643711856239559
01049,0.3830373396099279
01051,0.5871601844912626
01053,0.7485907699316803
01055,0.5525061532652455
01057,0.8155178187248795
01059,0.7187177655779511
01061,0.5528803831948601
01063,0.8248790928266142
01065,0.6870354205761724
01067,0.6859040116903793
01069,0.4681679882728084
01071,0.6201934908186543
01073,0.5426134608912035
01075,0.8371403390020961
01077,0.39668796244117277
01079,0.5264803812623811
01081,0.6190844061931148
01083,0.2613431282183421
01085,0.6504965623726233
01087,0.814292830349235
01089,0.38305702681078585
01091,0.7461960925467431
01093,0.7699031794221893
01095,0.39710974683765077
01097,0.4750133811869533
01099,0.8671624905018457
01101,0.5038320986554053
01103,0.48027181606313
01105,0.7781837808104399
01107,0.8330542047248822
01109,0.7233155607701817
01111,0.7551318049573078
01113,0.7811028894572873
01115,0.7036715451272737
01117,0.6617592333561555
01119,0.7920581591281928
01121,0.6539576678644448
01123,0.7700634893907585
01125,0.7785862695669173
01127,0.743089204754328
01129,0.8677421386642004
01131,0.8823154317258431
01133,0.7761757165792338
02020,0.15963962425104336
02100,0.2414787652671921
02110,0.24997277377692828
02122,0.31780344680206574
02130,0.5838827762970185
02150,0.09885859617468187
02201,0.45830798360809294
02220,0.3722815230673523
02232,0.29254202175635025
02261,0.10413291990416686
02280,0.44882153941560265
02282,0.0909715397689621
04001,0.39658086399272263
04003,0.2585081592861735
04005,0.3746574189688112
04007,0.5656796569234571
04009,0.3150643832143183
04011,0.5477389016939112
04012,0.0016059957173447537
04013,0.012774168005968863
04015,0.174604026243685
04017,0.3342157270504356
04019,0.1283764469263589
04021,0.06181552769001264
04023,0.4767944446722601
04025,0.33357524487511325
04027,0.004545454545454546
05001,0.31758671619618944
05003,0.7323895081346471
05005,0.5705522889361645
05007,0.38526081973038984
05009,0.4711216824284983
05011,0.8959400465599864
05013,0.8660050013035134
05015,0.4930654212299001
05017,0.29097450107716566
05019,0.8092341801651143
05021,0.20006434709218887
05023,0.6644653609841092
05025,0.8875602951262698
05027,0.855567899187533
05029,0.49519274247175055
05031,0.12874630847977211
05033,0.6275011445769094
05035,0.11982326630535296
05037,0.12970479073715102
05039,0.916344261086665
05041,0.2980480982315877
05043,0.7552727442676921
05045,0.51103189757585
05047,0.5564068944590174
05049,0.5842030529930453
05051,0.7673844284751085
05053,0.9089305535164106
05055,0.24791773995595986
05057,0.6781736296828424
05059,0.6980214310276628
05061,0.669200044830541
05063,0.45766076150938956
05065,0.6514264926933423
05067,0.1750474197637484
05069,0.3290725610423595
05071,0.6666119764873593
05073,0.613318141075141
05075,0.23650647534652874
05077,0.23395762623395744
05079,0.4066533744452991
05081,0.5830016487295951
05083,0.5721478935615674
05085,0.2438177517596908
05087,0.5785508777462071
05089,0.5601506806395075
05091,0.5009443980542817
05093,0.05542132460588045
05095,0.44471767113998034
05097,0.8176271295878286
05099,0.8251418727898063
05101,0.8812168646392848
05103,0.8668273430951964
05105,0.7777304660125244
05107,0.19619928094514671
05109,0.7729055857453525
05111,0.1528685438133184
05113,0.7807969597431421
05115,0.7109757659181998
05117,0.2650903770503864
05119,0.43569443243914213
05121,0.4688036512124796
05123,0.2666472114129055
05125,0.7127541361046684
05127,0.8016531313558722
05129,0.6728221781771394
05131,0.46749651801714887
05133,0.6646802251893511
05135,0.6475942506652506
05137,0.838671071611539
05139,0.9151660977247416
05141,0.6955987079340238
05143,0.5174981877298831
05145,0.33813972055110075
05147,0.26788748285643244
05149,0.8038054686119978
06001,0.188756506979425
06003,0.8003059642755324
06005,0.5176596166680201
06007,0.48162979981741216
06009,0.6754797289629311
06011,0.2736619476854067
06013,0.10417964015202184
06015,0.775603165112438
06017,0.7337157648136093
06019,0.3150869328326774
06021,0.2539888829060818
06023,0.7130672034541101
06025,0.0027386104599648377
06027,0.07551696911388996
06029,0.14621666262982286
06031,0.0
06033,0.4410802523825474
06035,0.41311241492846806
06037,0.05993870997550364
06039,0.4957349673239484
06041,0.18987965343593446
06043,0.6527810475756451
06045,0.6958177497387773
06047,0.0241423743644361
06049,0.45147296151997063
06051,0.36676183300083104
06053,0.18940161611709497
06055,0.37748154440133036
06057,0.6455671665396753
06059,0.00355578651428165
06061,0.634954032591154
06063,0.8524831598897742
06065,0.01931415066647716
06067,0.020951822935213044
06069,0.15419940351159492
06071,0.0367858687711293
06073,0.0420255059977165
06075,0.0
06077,0.017240842111393973
06079,0.10011230641249903
06081,0.17322345414523305
06083,0.10486957440766226
06085,0.3109202791520932
06087,0.509449654932804
06089,0.7783664614725387
06091,0.8277697777594278
06093,0.7574183898524862
06095,0.04887403737854229
06097,0.3965914964751981
06099,0.100607134499853
06101,0.02902601125528893
06103,0.5056587444527219
06105,0.9063562451700814
06107,0.4481693291184555
06109,0.723106461340273
06111,0.1768835616455908
06113,0.10033534470391955
06115,0.45026423815046884
08001,0.0018939393939393938
08003,0.06089743589743591
08005,0.011111111111111112
08007,0.8199318266377141
08009,0.015625
08011,0.03870967741935484
08013,0.4993908220056793
08015,0.6351868620455093
08017,0.0
08019,0.6670524246049352
08021,0.320088386542415
08023,0.38164292231754204
08025,0.0
08027,0.5202243305309486
08029,0.4539981453539427
08031,0.0
08033,0.5966203582190159
08035,0.41707940071250255
08037,0.6951088150014904
08039,0.02744646464646465
08041,0.16894975664719894
08043,0.7064663149548192
08045,0.6661391369892125
08047,0.9642857142857143
08049,0.642914814864446
08051,0.5778081647913162
08053,0.5707752650975103
08055,0.4147061369979396
08057,0.40633197561703516
08059,0.6206336503838824
08061,0.0
08063,0.0
08065,0.521290357041704
08067,0.6962354320238469
08069,0.5315072311476652
08071,0.3085264597334396
08073,0.0
08075,0.0051813471502590676
08077,0.6117600631792847
08079,0.6938014857570572
08081,0.25666813890236917
08083,0.546474472806379
08085,0.6619546885628298
08087,0.0
08089,0.03679576294413806
08091,0.6634592380885503
08093,0.485862553724529
08095,0.0
08097,0.6515854160809694
08099,0.0
08101,0.12212413539988252
08103,0.6302443544577312
08105,0.4466861466075641
08107,0.5907501034405555
08109,0.46472686815130543
08111,0.41824930228373747
08113,0.5899619167419634
08115,0.0
08117,0.5673065362392163
08119,0.7766638076923077
08121,0.0
08123,0.0
08125,0.0029182879377431907
09001,0.35987050274986193
09003,0.437202097456073
09005,0.7053821918211108
09007,0.6809474271084583
09009,0.38902688298472893
09011,0.607918226995767
09013,0.655338811393093
09015,0.6487086829780628
10001,0.2822666627876524
10003,0.18903628414459928
10005,0.30875315720433033
12001,0.492137458615647
12003,0.8358259292234046
12005,0.533648208387991
12007,0.7770516875256839
12009,0.2303050667393346
12011,0.0
12013,0.8604562738233654
12015,0.2969393406654738
12017,0.4203393209345654
12019,0.767258911012343
12021,0.6475388164643988
12023,0.7402959236241479
12086,0.09106977328555194
12027,0.19243834277357344
12029,0.6228171097625084
12031,0.3689265385187378
12033,0.38358213437122857
12035,0.5596411908651144
12037,0.4565701146826487
12039,0.6922874309428827
12041,0.5174505771743062
12043,0.266680757358538
12045,0.6038650346847899
12047,0.6489374805273985
12049,0.26794277461759003
12051,0.13820633104208546
12053,0.4958547086018956
12055,0.15478965109405257
12057,0.18870071000150065
12059,0.6687748086703785
12061,0.09638686368441378
12063,0.6587095042257811
12065,0.7129418043566343
12067,0.7806434293000247
12069,0.3460651469792992
12071,0.22848918556240838
12073,0.6950134501159044
12075,0.4798849211089227
12077,0.9348819170694788
12079,0.7159699147856217
12081,0.18613701004920552
12083,0.5409460841260189
12085,0.1341692854678943
12087,0.04584447815235064
12089,0.6166460193085896
12091,0.6973344445947388
12093,0.10463593277388461
12095,0.2676659979014179
12097,0.25757758615171517
12099,0.07851529483150388
12101,0.3300650366257581
12103,0.037764168740483516
12105,0.27955988961165795
12107,0.6858751841694893
12109,0.3992362157293982
12111,0.11512409895673228
12113,0.6567120320316776
12115,0.20252879078331368
12117,0.32880219212670614
12119,0.43446412437589715
12121,0.5622545723455082
12123,0.7705453994977396
12125,0.8149836465047784
12127,0.4920206700415529
12129,0.6964567111029393
12131,0.680885203299063
12133,0.7036175571479981
13001,0.6563106912626482
13003,0.6687119596004409
13005,0.5859200996043241
13007,0.6116169486395213
13009,0.6977909867148644
13011,0.5594506961840903
13013,0.4474225879536457
13015,0.5346237681123792
13017,0.5402058610741245
13019,0.49688065864568104
13021,0.4434973044166473
13023,0.6361902169139668
13025,0.8877896544117688
13027,0.5917923357540306
13029,0.7740445148295373
13031,0.6624768587380061
13033,0.6304632513338395
13035,0.6772939706726357
13037,0.5272820875114974
13039,0.5800781722302483
13043,0.5976375251625173
13045,0.5205703790123328
13047,0.45047783540092556
13049,0.8867782595974159
13051,0.20930968090474872
13053,0.8543703940348678
13055,0.8587309131815044
13057,0.5475089887513072
13059,0.27784358224208766
13061,0.5232157550357212
13063,0.22034032201423326
13065,0.9377936050642344
13067,0.10148548058822243
13069,0.568186176581958
13071,0.4419753518333146
13073,0.5108524888722278
13075,0.46798095438954657
13077,0.5954377900893274
13079,0.8524694025917905
13081,0.45500391248395367
13083,0.7479440435383548
13085,0.7885192058661985
13087,0.5364966690143447
13089,0.27107143921022403
13091,0.6965208503780153
13093,0.3819292276191013
13095,0.6069610382980005
13097,0.6016455316209084
13099,0.5711262163628053
13101,0.9464255241630619
13103,0.7284435784638039
13105,0.6446470251232458
13107,0.7380393016815378
13109,0.6818821022484127
13111,0.7764240694683442
13113,0.3252465177498875
13115,0.587537869430157
13117,0.43310868739791547
13119,0.41937752037872705
13121,0.3362333312601178
13123,0.8663891223394334
13125,0.7596149602025576
13127,0.3807785244643466
13129,0.4856645139065456
13131,0.5323319638454255
13133,0.7564400724729866
13135,0.23946828610975557
13137,0.6309707351621404
13139,0.3719517478920457
13141,0.9227665460506967
13143,0.6508210989804921
13145,0.7825564683142746
13147,0.32447543409554924
13149,0.6702701074480116
13151,0.40783796116183807
13153,0.5192787788221302
13155,0.46402882919350585
13157,0.4694677980059361
13159,0.7644547598011078
13161,0.676700653496979
13163,0.6848038897156294
13165,0.6743666287463971
13167,0.7506212606208255
13169,0.8093565253803606
13171,0.799611087669736
13173,0.7204237594367042
13175,0.7206342046570138
13177,0.6468354938851435
13179,0.5468594645563057
13181,0.7666404521836079
13183,0.9273995953849253
13185,0.6227571656765106
13187,0.8333147229520215
13189,0.6946634117452772
13191,0.47330837538681075
13193,0.5949296853380994
13195,0.4578377972442106
13197,0.7536622091905106
13199,0.8183749942003975
13201,0.4148661264293417
13205,0.3940459137562088
13207,0.6989239443139279
13209,0.8215953269293128
13211,0.7068181494053665
13213,0.6519108944134726
13215,0.5319218550753635
13217,0.41785847359123063
13219,0.5666882047228627
13221,0.7726991775238039
13223,0.5401503223153306
13225,0.4850169783668496
13227,0.7465917061341146
13229,0.5661045337595634
13231,0.6607559119753857
13233,0.7605705523589682
13235,0.5050621426905154
13237,0.7034470804390079
13239,0.7969830895910832
13241,0.8582146642827647
13243,0.6682965599192027
13245,0.5389199117018916
13247,0.19638107309484829
13249,0.9400733005640624
13251,0.7673996733273104
13253,0.2855391099764853
13255,0.6186888902501505
13257,0.7686702642392349
13259,0.8290708644154966
13261,0.609975054643482
13263,0.8410970553824927
13265,0.9339960146223367
13267,0.663747047510295
13269,0.8859369159948626
13271,0.8417898001236185
13273,0.7187646279460969
13275,0.565172225280834
13277,0.4441722455487292
13279,0.6384327872998113
13281,0.775932794893906
13283,0.8050891853555752
13285,0.7008194542317557
13287,0.4010212555470481
13289,0.8532541855208507
13291,0.7121443807559583
13293,0.7154499000726555
13295,0.6053923830180276
13297,0.5517791691324104
13299,0.8704943384353032
13301,0.9072336281873976
13303,0.7228946588894826
13305,0.8136919192806827
13307,0.6170138829928273
13309,0.8198927272910532
13311,0.802377276963132
13313,0.46414171270579224
13315,0.6779738814291296
13317,0.7659481783727194
13319,0.9385062127761079
13321,0.4849855372495477
15001,0.29092824338126
15003,0.3006910733614512
15005,0.0
15007,0.17326879121952485
15009,0.16078438733780212
16001,0.008547008547008546
16003,0.5840165602715446
16005,0.20753289890045049
16007,0.2527486126773647
16009,0.7986428677027613
16011,0.0518018018018018
16013,0.2035804550249592
16015,0.7278886152726
16017,0.7817089734711763
16019,0.3207216315316379
16021,0.8862738980392157
16023,0.11214050128789306
16025,0.32739843837902005
16027,0.0
16029,0.35979683597672274
16031,0.13527248099514871
16033,0.19384118306827816
16035,0.8924208576480198
16037,0.45593351092727125
16039,0.27165544393678276
16041,0.2775264048455407
16043,0.436546349834811
16045,0.11267605633802816
16047,0.0
16049,0.805520746345949
16051,0.008849557522123894
16053,0.0
16055,0.6847426995494431
16057,0.5536135777927195
16059,0.5969279648826713
16061,0.2883058903745054
16063,0.0
16065,0.16176470588235292
16067,0.0
16069,0.19970036562844565
16071,0.1111111111111111
16073,0.07738588661250174
16075,0.0
16077,0.09448659389933295
16079,0.9402085782250686
16081,0.3864703381620444
16083,0.01231527093596059
16085,0.8714894253875678
16087,0.09843667137103376
17001,0.17039348751990416
17003,0.3960622277472546
17005,0.186513174803021
17007,0.015377375000000004
17009,0.2984194596756768
17011,0.060127041772024444
17013,0.3722127404142699
17015,0.17729622110810656
17017,0.1714450937773943
17019,0.00980422340077154
17021,0.04390954765067232
17023,0.20634639248025288
17025,0.12509209610183208
17027,0.10113638078908625
17029,0.11436420345741918
17031,0.11648903352937037
17033,0.17867581308120561
17035,0.03903511051189828
17037,0.04347231218877125
17039,0.05050378389586651
17041,0.02623853731094577
17043,0.032956682738603076
17045,0.00793501763570873
17047,0.09915161265924118
17049,0.21513139088739094
17051,0.2433222961023913
17053,0.0
17055,0.2393066815382099
17057,0.29749960446534446
17059,0.19453042429467124
17061,0.10531517544915145
17063,0.031995184890773784
17065,0.2528856327369438
17067,0.11192179586815955
17069,0.8273634021262521
17071,0.15833521184106097
17073,0.06545315110273614
17075,0.04252206535332545
17077,0.3624939966115702
17079,0.11336851792588978
17081,0.21768469540626556
17083,0.265133717456353
17085,0.14110046344335148
17087,0.5159073289659456
17089,0.06185436831953925
17091,0.034284829199758005
17093,0.0404260431839475
17095,0.13200805794135265
17097,0.11180674842989247
17099,0.04867793529471595
17101,0.209881000336704
17103,0.034954473847734265
17105,0.017508291835311496
17107,0.051847651237732224
17109,0.15048376063806854
17111,0.1425621504066679
17113,0.018581866234001057
17115,0.03902952443756552
17117,0.16290726830785182
17119,0.19320066060124683
17121,0.23264889948842996
17123,0.08846633818158908
17125,0.06611574919646293
17127,0.34661485738524533
17129,0.09098361427801213
17131,0.09269152381074629
17133,0.15595462621780565
17135,0.1430594641106612
17137,0.10871307628129409
17139,0.023736927032811505
17141,0.08884112439223418
17143,0.17699159674630588
17145,0.16742735948609774
17147,0.022496682248201692
17149,0.2055963638064659
17151,0.7396747264727298
17153,0.3166214291522364
17155,0.2191332552293635
17157,0.2555916767438191
17159,0.19265885572276464
17161,0.1409563744064458
17163,0.14974509266021607
17165,0.29044542777156845
17167,0.08191688684989643
17169,0.37140806894453193
17171,0.010596566023876045
17173,0.10139832570092078
17175,0.03940696667553799
17177,0.06472951804033393
17179,0.045423755339777404
17181,0.517483070228673
17183,0.09244958355297093
17185,0.0022399918175445505
17187,0.08000066416219292
17189,0.10835567748970328
17191,0.20306816954665627
17193,0.16344591370522152
17195,0.054588934978510695
17197,0.06174374838184511
17199,0.2602597472799122
17201,0.07440319910043115
17203,0.11099912537639306
18001,0.04079795490532948
18003,0.1813783316514842
18005,0.18281252167311418
18007,0.0
18009,0.11800136603195087
18011,0.05329827069172886
18013,0.8479382243200446
18015,0.10299166685117452
18017,0.07749250346924623
18019,0.3408693293943348
18021,0.2674639684020002
18023,0.00039198592652683835
18025,0.6385743937931424
18027,0.09445193357783079
18029,0.526298532359247
18031,0.12614502601976388
18033,0.1182711798684352
18035,0.04987240138924564
18037,0.31217061318277745
18039,0.13895133173188334
18041,0.2658374588301394
18043,0.38727118434647734
18045,0.16820697200308515
18047,0.4383092179829431
18049,0.020976249761824477
18051,0.13312613213779512
18053,0.11058828779531864
18055,0.3884528518755879
18057,0.08335568825322646
18059,0.08353120320852461
18061,0.432743258093505
18063,0.10179007410714357
18065,0.08294031636653303
18067,0.06329584450867709
18069,0.14627804700658725
18071,0.37837998081258895
18073,0.07304939704118753
18075,0.12002439110626607
18077,0.35815360687007314
18079,0.4859847910356613
18081,0.18036898048382177
18083,0.10682126985103134
18085,0.15772546604789056
18087,0.16290821421241455
18089,0.06696578317861235
18091,0.12373348204538974
18093,0.4547502158679959
18095,0.08371044336079324
18097,0.09015655761869834
18099,0.12653026317915594
18101,0.7031766751173206
18103,0.07624838192200338
18105,0.5935414392064602
18107,0.11118737930206979
18109,0.36114185077094746
18111,0.073702967144981
18113,0.16565376832052317
18115,0.4328359878848016
18117,0.49997445191703277
18119,0.49510101281164914
18121,0.31222430578599747
18123,0.6770347738376875
18125,0.42544003888095583
18127,0.15213928281859576
18129,0.15208005750832798
18131,0.11862098912065562
18133,0.27863030477428663
18135,0.0647708193785534
18137,0.33261694305894407
18139,0.07718016261500896
18141,0.12326155195426128
18143,0.29079745650631056
18145,0.05756881424197004
18147,0.27273879475084944
18149,0.08803334866857263
18151,0.1340657914220652
18153,0.23597429460386407
18155,0.3794886048094122
18157,0.10243351087755144
18159,0.020585775710087774
18161,0.23818533794755395
18163,0.09243793755908201
18165,0.13517653468903001
18167,0.1951415563782193
18169,0.13806614380684976
18171,0.06831524671800404
18173,0.25997956576858045
18175,0.4106770270605884
18177,0.04325894869609208
18179,0.09417245518213746
18181,0.06141381456140166
18183,0.10213159845608243
19001,0.038758475268714745
19003,0.018713787418040587
19005,0.3963730416775521
19007,0.21457275097744263
19009,0.018180036017893447
19011,0.07386973464702139
19013,0.05944510961326866
19015,0.07070105112012692
19017,0.07494786466618893
19019,0.012638651745713596
19021,0.003937562445921064
19023,0.05163441219155786
19025,0.0
19027,0.0
19029,0.023311066622226213
19031,0.04706243335393587
19033,0.01661137556010621
19035,0.04774731754107603
19037,0.02080990460239127
19039,0.19026755639922507
19041,0.02162949629378452
19043,0.21803593051216386
19045,0.061384278872082164
19047,0.043021440543570856
19049,0.09095571582353572
19051,0.15350559979710435
19053,0.2704228760685735
19055,0.06265628143266733
19057,0.2363999159242728
19059,0.004609095250843709
19061,0.16029551310950177
19063,0.011741395590638502
19065,0.05581745369663598
19067,0.069348278128924
19069,0.01314943663920957
19071,0.07798376719740466
19073,0.05630598550981621
19075,0.016467664792586892
19077,0.14288898342973658
19079,0.015153236890477815
19081,0.000494720006409165
19083,0.0524220452075484
19085,0.08348109965139587
19087,0.16317890717081399
19089,0.0856584868353089
19091,0.02173913043478261
19093,0.006323638297872341
19095,0.07742234112540895
19097,0.2311912539894123
19099,0.04431951504918384
19101,0.10704690464961168
19103,0.11503088308757432
19105,0.06471691254022072
19107,0.06743049301590405
19109,0.002256864077669903
19111,0.22916376584976753
19113,0.09439387447214431
19115,0.08498347343933164
19117,0.20501641663106174
19119,0.01193376011337849
19121,0.1310970525072343
19123,0.12380119146537534
19125,0.10590706631985565
19127,0.040585427785686974
19129,0.11475094735906777
19131,0.027889270556377646
19133,0.06768429602322766
19135,0.2551114095336338
19137,0.04122747177524792
19139,0.14853636752053576
19141,0.0022748275862068965
19143,0.0
19145,0.08556194686452917
19147,0.017036245374436994
19149,0.05224955120989838
19151,0.006914611266922448
19153,0.1345252322565465
19155,0.050194255140471926
19157,0.047562777397952755
19159,0.08221225299317673
19161,0.011200028054601486
19163,0.08436630599852189
19165,0.01092036507936508
19167,0.0
19169,0.07348133440779615
19171,0.13606387175902693
19173,0.04929997721911287
19175,0.0694368529869203
19177,0.22506391150130173
19179,0.26286928362256595
19181,0.10322043973171278
19183,0.07605353741627689
19185,0.13085619983682287
19187,0.0636874235235806
19189,0.0
19191,0.13415534823664835
19193,0.044171051814329516
19195,0.008651714480648413
19197,0.03413820322956784
20001,0.06958495330237713
20003,0.07503312832924308
20005,0.08675043785249237
20007,0.0550937311297507
20009,0.018957343549250667
20011,0.21613352075900494
20013,0.0822617577447467
20015,0.0667003827691608
20017,0.05361336002680358
20019,0.24442110948750262
20021,0.1435059841670021
20023,0.004269310703588462
20025,0.007142857142857143
20027,0.040455094845242935
20029,0.08780181877538924
20031,0.08156006298266791
20033,0.012026329109009427
20035,0.05118719940660294
20037,0.21094454217109476
20039,0.0025510204081632655
20041,0.0131006392461462
20043,0.18832571841674364
20045,0.2512718589102361
20047,0.00543144776119403
20049,0.06498427582271568
20051,0.0019247721390472053
20053,0.05177015967574722
20055,0.0
20057,0.007010164278412798
20059,0.12166360047029852
20061,0.17636955938637067
20063,0.0
20065,0.01607818149174887
20067,0.0
20069,0.010624289266436026
20071,0.0
20073,0.09295729178104553
20075,0.005871559357841039
20077,0.009854678004202972
20079,0.022509060088404594
20081,0.0
20083,0.0
20085,0.08219617903895092
20087,0.18477025658206989
20089,0.0330094912306682
20091,0.0447385036131992
20093,0.0
20095,0.05804469619633215
20097,0.0
20099,0.0723729030593383
20101,0.0
20103,0.3317548465140749
20105,0.007237335259845564
20107,0.23945637020851623
20109,0.0
20111,0.05494037419882169
20113,0.019415553607480002
20115,0.029983965583989355
20117,0.07779694638827458
20119,0.0
20121,0.13419696506777867
20123,0.022531402661329348
20125,0.13520799559323998
20127,0.03653729781482037
20129,0.0
20131,0.025233302556190516
20133,0.1436507745008935
20135,0.0
20137,0.017227115744848427
20139,0.13802735495248147
20141,0.030077060308424323
20143,0.04121694759735343
20145,0.010390982054510186
20147,0.02245825614065843
20149,0.16093458563971055
20151,0.008838071145394557
20153,0.0
20155,0.058041440816299146
20157,0.05689157313174788
20159,0.040375718931352986
20161,0.10746622066259627
20163,0.015063903014190085
20165,0.020934229871871175
20167,0.017906141389746194
20169,0.046701407264223636
20171,0.0
20173,0.022473880927070602
20175,0.013907624373596831
20177,0.13350574404992124
20179,0.0
20181,0.0
20183,0.01600757894736842
20185,0.039776419170150595
20187,0.0
20189,0.0
20191,0.01336625308999144
20193,0.0
20195,0.002334337851592392
20197,0.0654387368710403
20199,0.0
20201,0.05816558440857434
20203,0.0
20205,0.14349641545355163
20207,0.09588013387572214
20209,0.20327076492410356
21001,0.45656730272719787
21003,0.43699100270546803
21005,0.5369101423078824
21007,0.22689192549656073
21009,0.1914252896521987
21011,0.4992656755071672
21013,0.8182559234027683
21015,0.30515670136955786
21017,0.049934246611590516
21019,0.6073951475704878
21021,0.2708144040969448
21023,0.6538179619587567
21025,0.8677317131483074
21027,0.3971889269776197
21029,0.6238494314619625
21031,0.542795072120137
21033,0.2867877586639601
21035,0.2908229219540306
21037,0.43358649370210117
21039,0.1732300173978492
21041,0.2606822605852604
21043,0.7324483530823951
21045,0.6282904708683282
21047,0.46644965144106687
21049,0.2472734273146471
21051,0.8564197348389562
21053,0.5888582225176096
21055,0.36924568821559106
21057,0.7042566162984949
21059,0.1510297373285661
21061,0.6119435672897006
21063,0.5591931410486547
21065,0.8019433039263191
21067,0.05148805022811128
21069,0.2921912359391512
21071,0.8074163930054621
21073,0.32420068016277986
21075,0.29632833788855906
21077,0.49782121689192654
21079,0.2495885256290966
21081,0.5447125034143115
21083,0.22361202660626917
21085,0.4334697619887486
21087,0.3041985252314695
21089,0.6634142410269059
21091,0.40056249741380806
21093,0.3548757068925493
21095,0.8591943161729014
21097,0.19057012281316874
21099,0.4041463091774839
21101,0.07956568560703646
21103,0.3750843626739801
21105,0.32126862545981216
21107,0.4664425098846033
21109,0.6920779788489559
21111,0.20506862985902466
21113,0.22867967550076893
21115,0.7906564398877958
21117,0.42849342161086046
21119,0.8091765212342679
21121,0.7410775218523608
21123,0.2509944249605586
21125,0.6450422496513053
21127,0.8519062216976104
21129,0.8738769397806188
21131,0.9157788484457526
21133,0.8766529112474307
21135,0.7474301005591995
21137,0.28065760565897696
21139,0.5407225195449837
21141,0.31581960200010134
21143,0.4808729271822071
21145,0.2528927055559253
21147,0.855688002183622
21149,0.18225408635853044
21151,0.3254007180696445
21153,0.8317616804286709
21155,0.3912603059072206
21157,0.30397385732269044
21159,0.7435825177011831
21161,0.2092101767214738
21163,0.29158277793979887
21165,0.6824840548727279
21167,0.21465591466446468
21169,0.49578019123741385
21171,0.27307652723783
21173,0.23151367787559818
21175,0.7747152926491503
21177,0.4819923721425512
21179,0.3473687654374147
21181,0.2663133034291127
21183,0.4872295230056865
21185,0.15497663715220808
21187,0.5266313741306593
21189,0.86987020174238
21191,0.5319822648568864
21193,0.7849289213020444
21195,0.7493685598715957
21197,0.7372708107082988
21199,0.4703970399084426
21201,0.4718721325198999
21203,0.6721694419762113
21205,0.7931460241609138
21207,0.519998804706777
21209,0.2722370944567718
21211,0.21552895181609408
21213,0.0997321758529229
21215,0.3820591814685197
21217,0.4477486296153593
21219,0.21952238290688159
21221,0.503552295107624
21223,0.487179789262378
21225,0.11726518440767641
21227,0.2530878935813082
21229,0.3188042913683285
21231,0.7118421372557261
21233,0.21963332995589124
21235,0.6210153778425059
21237,0.7576844533871461
21239,0.1273343078423069
22001,0.30618905546516395
22003,0.7642257690791522
22005,0.3547831068178863
22007,0.5342464587621956
22009,0.490243501365971
22011,0.8220152443208525
22013,0.8515372701805285
22015,0.666721859164555
22017,0.504123612473877
22019,0.39320207508268484
22021,0.8168827642580694
22023,0.008910084720873944
22025,0.46477192673983
22027,0.879871996811327
22029,0.513660250323073
22031,0.7340133987165961
22033,0.43555007696254516
22035,0.2307474758633769
22037,0.7045544482166315
22039,0.5259485843105309
22041,0.26994739930125733
22043,0.7630215030173098
22045,0.18351763907110627
22047,0.6970108434217873
22049,0.9117300847152764
22051,0.05150331133432065
22053,0.08559468081045792
22055,0.06971990272900012
22057,0.11489231144025232
22059,0.8024354570866455
22061,0.7897471779408018
22063,0.659569362155371
22065,0.4242156223115739
22067,0.46096947835930674
22069,0.7525556201500291
22071,0.021313923608460884
22073,0.6052134639329841
22075,0.00764704689398897
22077,0.5082491974121254
22079,0.6543360346177527
22081,0.5818817375168612
22083,0.22291868289288985
22085,0.711042695209795
22087,0.005858428383394499
22089,0.2262170636669045
22091,0.7414167983108259
22093,0.5258834181771243
22095,0.31346875005121866
22097,0.3687523752642824
22099,0.6038675752809488
22101,0.22565116567661733
22103,0.40314697888877066
22105,0.6308841595942982
22107,0.4465239983010508
22109,0.06864787550569997
22111,0.8502801859192196
22113,0.007867102875621198
22115,0.8719225851545721
22117,0.6790548618963353
22119,0.7099803228194139
22121,0.3832143990366196
22123,0.26403314227839064
22125,0.5970991097840382
22127,0.916338288509797
23001,0.6455692340028867
23003,0.8822071742601014
23005,0.5122174736014551
23007,0.8970299460032808
23009,0.741492200487754
23011,0.6010988906225954
23013,0.5677083710685588
23015,0.5949687963503721
23017,0.904010369006877
23019,0.8548726527346472
23021,0.8773481689513167
23023,0.5610811176981646
23025,0.893567538562982
23027,0.8078815959154853
23029,0.8110326657496509
23031,0.7338209305469124
24001,0.7115438459506068
24003,0.21759342434643095
24005,0.34170444195389194
24009,0.4380567971052606
24011,0.23233390131724163
24013,0.16656321413361846
24015,0.2808942109646094
24017,0.5496488271023399
24019,0.3028562406725924
24021,0.3085572961177201
24023,0.6155554343808108
24025,0.2766880026378128
24027,0.25531868962653115
24029,0.2633862538343273
24031,0.305103646597327
24033,0.4027524054316427
24035,0.2542641533236836
24037,0.49480497737788215
24039,0.4300278297412041
24041,0.23579992510429212
24043,0.45009560654417535
24045,0.5080041567308068
24047,0.3355148535923166
24510,0.023457708377438546
25001,0.35546070297589505
25003,0.7785421879596619
25005,0.5022438466879476
25007,0.4565545788686794
25009,0.35174672180999816
25011,0.7323333690032208
25013,0.6664468274880323
25015,0.6941469481358757
25017,0.4224716027914694
25019,0.49236227705185626
25021,0.44131638114075034
25023,0.4624891793548959
25025,0.0
25027,0.6125290435493572
26001,0.7486643153497127
26003,0.8644663708562191
26005,0.29696557227385445
26007,0.7239874927408303
26009,0.47589364521142313
26011,0.43345646477124045
26013,0.9124820441921605
26015,0.37643380836504187
26017,0.15355762614104893
26019,0.6124001080452874
26021,0.24434501555274626
26023,0.23291349243861287
26025,0.20134314679709225
26027,0.24447242189473098
26029,0.6412419147318639
26031,0.6749421783915633
26033,0.7465539668264765
26035,0.5825794558273797
26037,0.10077796600506803
26039,0.8832664528848528
26041,0.7894204279007471
26043,0.790198634468835
26045,0.19755853234008278
26047,0.6664497180198928
26049,0.22153788064136565
26051,0.7402570857978077
26053,0.8640658613435741
26055,0.5869566243416477
26057,0.11905576986989477
26059,0.20501573855356045
26061,0.8669041876901749
26063,0.15638918455936962
26065,0.16375218759982138
26067,0.243727383648283
26069,0.6676126009241216
26071,0.873542813791624
26073,0.3092885901688944
26075,0.31320399696836226
26077,0.3367764294983041
26079,0.8201725593077833
26081,0.3511104660791196
26083,0.9253136449794315
26085,0.8965392191218029
26087,0.3142104827283065
26089,0.6217728501570191
26091,0.1447003526043046
26093,0.22458996617845142
26095,0.8749437148195744
26097,0.8379146056519698
26099,0.18625655412052025
26101,0.7026930018976846
26103,0.8830706240373369
26105,0.6065826546172455
26107,0.31941865720695717
26109,0.8884127654895836
26111,0.48422027538373696
26113,0.572168135803951
26115,0.14019139966849575
26117,0.37595256724218984
26119,0.7920043049560993
26121,0.5988148356932593
26123,0.6417618960578885
26125,0.2563457648508932
26127,0.4788904930128814
26129,0.610255596205821
26131,0.8717422448194372
26133,0.6054815921681322
26135,0.8707428655647014
26137,0.8080341440737678
26139,0.29903516507790157
26141,0.6519052012806434
26143,0.7386533007106902
26145,0.16792141011055695
26147,0.25477738550812656
26149,0.2690411535706015
26151,0.1834575277036051
26153,0.7466633408516494
26155,0.14344891830476889
26157,0.24535871953917215
26159,0.2820074413084807
26161,0.19479824516685232
26163,0.11004000156994971
26165,0.7475033138581488
27001,0.6623797177325375
27003,0.2171877022485611
27005,0.35750675703546714
27007,0.5218265613186792
27009,0.180942195271092
27011,0.01352013567725834
27013,0.07117892101262831
27015,0.029903697757976085
27017,0.6254220546280771
27019,0.05858365400376764
27021,0.5572040149675309
27023,0.014710712111824778
27025,0.2237201954864276
27027,0.035085659434604594
27029,0.4779490869496239
27031,0.8733958666980296
27033,0.014089929818299823
27035,0.5039727259221133
27037,0.10675015868702077
27039,0.05661369030926005
27041,0.10699389349896453
27043,0.014088690024969442
27045,0.1562109480673293
27047,0.007372152732176632
27049,0.13888963958809908
27051,0.021113356278647365
27053,0.09648174815818084
27055,0.43211970527969534
27057,0.6272035816965892
27059,0.24399368335200777
27061,0.7232037868424523
27063,0.022845452167593254
27065,0.43815310404846336
27067,0.07389898932280237
27069,0.12934771084726837
27071,0.8587894872412641
27073,0.03492730267584195
27075,0.8792374523521869
27077,0.4826844060041794
27079,0.06773512662097202
27081,0.0
27083,0.0030273857095083744
27085,0.024322759030882202
27087,0.3065455227040617
27089,0.14746788597655217
27091,0.00977399305404569
27093,0.04782804804618664
27095,0.32938932619877603
27097,0.31399978226571545
27099,0.007492185579854975
27101,0.009841440255318272
27103,0.06127502408966209
27105,0.0
27107,0.03847017192608301
27109,0.13633072665173626
27111,0.14651725550074451
27113,0.10149491732209724
27115,0.612517216751896
27117,0.0
27119,0.05712823151709404
27121,0.04251911087920082
27123,0.020016808036241954
27125,0.11592763073557634
27127,0.016511103119634666
27129,0.0203515411075313
27131,0.13983560112634696
27133,0.0
27135,0.2635529886140712
27137,0.7431913731688633
27139,0.15374246620787677
27141,0.2818671432560962
27143,0.060637689700051525
27145,0.09991344137203335
27147,0.02676896725826306
27149,0.02460199701083381
27151,0.03487921822286343
27153,0.24206732018750202
27155,0.002395674144871187
27157,0.23678809690546707
27159,0.3378036247295399
27161,0.03854976355250485
27163,0.18227113916527515
27165,0.014740896980654242
27167,0.012941544941869526
27169,0.37396471487101623
27171,0.11477039318275598
27173,0.009842753451204092
28001,0.6980809310147442
28003,0.5732682264616629
28005,0.7816465944498864
28007,0.7968775259197631
28009,0.7609576617364804
28011,0.24735931959977983
28013,0.6607768548979814
28015,0.7475438728234464
28017,0.5359546098241831
28019,0.8426823938650214
28021,0.7803872599527104
28023,0.8193075528305983
28025,0.5812937691567611
28027,0.19642546879601716
28029,0.8209628241183008
28031,0.5237299424711729
28033,0.33758614000903164
28035,0.7309964346217459
28037,0.8899450803051594
28039,0.7073597357396414
28041,0.8576391837099286
28043,0.5986216689001375
28045,0.5667242733326449
28047,0.4006172198128548
28049,0.45322277348946444
28051,0.7027803803148649
28053,0.23621473924032774
28055,0.48008755015331733
28057,0.8408119716929263
28059,0.4850335697100632
28061,0.7957527965461733
28063,0.8341661929086414
28065,0.7052266210340681
28067,0.6759808931865887
28069,0.8510327667709716
28071,0.6662723528387134
28073,0.6561774219493818
28075,0.7395853149455809
28077,0.7215530919707049
28079,0.7781391585300015
28081,0.32672492414357895
28083,0.2071191954416891
28085,0.7500802872743719
28087,0.4436541594127708
28089,0.5579759111674683
28091,0.8046099823629157
28093,0.6233937734556692
28095,0.6150372831692829
28097,0.7506255907362834
28099,0.7865655273372546
28101,0.7473117168124688
28103,0.6378400875795734
28105,0.7353672705163434
28107,0.4766313560768119
28109,0.7342397011320619
28111,0.8481262222330485
28113,0.7256198065723592
28115,0.5440049827669151
28117,0.6457506613886748
28119,0.1719251282668424
28121,0.5768518549877364
28123,0.7367861536792868
28125,0.3997401010702527
28127,0.7685703579407507
28129,0.7525146691476994
28131,0.8161500261711878
28133,0.025375532955529977
28135,0.36460315640174146
28137,0.4440167161483554
28139,0.7286934643856616
28141,0.6988244657513051
28143,0.26662650848247516
28145,0.45927078329483206
28147,0.6980388257244952
28149,0.5531952781209605
28151,0.1138416614577728
28153,0.8376771663700977
28155,0.6614022322413418
28157,0.8699692638769417
28159,0.8483443174702234
28161,0.7379310776558409
28163,0.5185846302128893
29001,0.2765353189773293
29003,0.11272379944863428
29005,0.1103334027546109
29007,0.12077467146266577
29009,0.427107566363318
29011,0.19677940935478103
29013,0.19449636999945502
29015,0.5432622968606906
29017,0.530220887102505
29019,0.40558448601638375
29021,0.15355018573374934
29023,0.3070208529467689
29025,0.05753454084281044
29027,0.3906894705824142
29029,0.5189203393176152
29031,0.28074262568714514
29033,0.09008007872677518
29035,0.8459917579749714
29037,0.24973930519612947
29039,0.3154895596641664
29041,0.11613253544999748
29043,0.4693720114791406
29045,0.1850796053037899
29047,0.09841522438791911
29049,0.02221800520511259
29051,0.4372216169407544
29053,0.1924206764233893
29055,0.6157565600256372
29057,0.17154199013144023
29059,0.49289135759021047
29061,0.15212054747197246
29063,0.1294806673923472
29065,0.6464513324439971
29067,0.6194007213780929
29069,0.07515338418967385
29071,0.4508433589401529
29073,0.4920755756992812
29075,0.17344575680083657
29077,0.24183658493469098
29079,0.10675005477415542
29081,0.16774720200962057
29083,0.23347030881388034
29085,0.5278878485628461
29087,0.07361515758307757
29089,0.3106632558549954
29091,0.42275317166948684
29093,0.8167721070857654
29095,0.14388997570042858
29097,0.16993246149453028
29099,0.5353318765261098
29101,0.15729662610927883
29103,0.14488189059624804
29105,0.5044344743718183
29107,0.08502003957534142
29109,0.21028608278792005
29111,0.16064038869641734
29113,0.331737010159175
29115,0.08603765862297662
29117,0.14600877537625592
29119,0.5673353271140937
29121,0.18256016708160705
29123,0.7115139043945433
29125,0.46067763946023266
29127,0.17829012213272644
29129,0.14865029038651478
29131,0.5329553307202729
29133,0.10120393634951488
29135,0.18707648726046427
29137,0.27118601054766445
29139,0.3262301398978276
29141,0.5030153218293956
29143,0.06388440120204107
29145,0.2864855667074718
29147,0.061997735459093276
29149,0.6558016573827392
29151,0.4195642110686454
29153,0.561935574390739
29155,0.004903253576173327
29157,0.29176039018896954
29159,0.12186143306249846
29161,0.651055583633899
29163,0.29444959216083055
29165,0.15043234926197255
29167,0.31517032196656924
29169,0.7003066595559694
29171,0.21509570191472585
29173,0.17203985075197725
29175,0.17468502890056645
29177,0.1620509922307706
29179,0.8798909159153614
29181,0.7054557949414242
29183,0.21846503996584557
29185,0.42612438956375387
29186,0.5641463494146985
29187,0.6237472034399358
29189,0.22997725023648619
29195,0.1743836712098206
29197,0.20922187810072274
29199,0.17899474537044885
29201,0.12783394952191754
29203,0.7956302380419941
29205,0.206410331070532
29207,0.09463640199520487
29209,0.5501646749875196
29211,0.1639247804911513
29213,0.6954057777649943
29215,0.6152278490809157
29217,0.19648091302413068
29219,0.541354326509294
29221,0.7535038520803667
29223,0.8317852124506306
29225,0.36410646781986294
29227,0.042049188555230564
29229,0.4223557639699267
29510,0.0
30001,0.363838972798066
30003,0.11740436842369219
30005,0.04918282623184624
30007,0.35585679731217645
30009,0.223395966343877
30011,0.04959159663865547
30013,0.19296680566172536
30015,0.02343530751708428
30017,0.06430241813191234
30019,0.0
30021,0.019107794466403163
30023,0.5911199212103092
30025,0.0
30027,0.19283070930729024
30029,0.8310518657915801
30031,0.5352055641680091
30033,0.05819109108159392
30035,0.20414110738586788
30037,0.09302325581395349
30039,0.7274422152604285
30041,0.018032786885245903
30043,0.6058486592945506
30045,0.2515718973277093
30047,0.516622102732841
30049,0.6179042628816732
30051,0.008064516129032258
30053,0.9227025029722565
30055,0.0011858657243816256
30057,0.39274604571757277
30059,0.4290875547025627
30061,0.9407054611177187
30063,0.8480862750211009
30065,0.26312448962363927
30067,0.5839479458296021
30069,0.13690827011494253
30071,0.039211428571428564
30073,0.13031949090656564
30075,0.2302476971710195
30077,0.6581886003090839
30079,0.019329896907216496
30081,0.7750324279786361
30083,0.01644736842105263
30085,0.019230769230769232
30087,0.13590714757889938
30089,0.8152220457830525
30091,0.0
30093,0.5396108654289171
30095,0.22575147435389428
30097,0.3325025803195208
30099,0.16633701826187322
30101,0.004878048780487805
30103,0.1602461318681319
30105,0.01118179044117647
30107,0.09121621621621623
30109,0.02792888888888889
30111,0.07867651310969638
31001,0.004648568305446337
31003,0.01844582967874746
31005,0.0
31007,0.01593832219652417
31009,0.0
31011,0.016217497978913056
31013,0.0
31015,0.11449497534910386
31017,0.022434031057291144
31019,0.03248888790186928
31021,0.05156151227473932
31023,0.004184047863014384
31025,0.04518135874684762
31027,0.01516962734263699
31029,0.0021571345134466084
31031,0.012765944431462327
31033,0.0
31035,0.0
31037,0.05583578228045438
31039,0.03258770757900235
31041,0.02611058222091695
31043,0.07911807174341746
31045,0.11529277968721849
31047,0.011027238049274728
31049,0.015000000000000001
31051,0.032334141262197386
31053,0.030396673233075606
31055,0.030728298169781964
31057,0.008906155655150577
31059,0.008416421421834554
31061,0.039188239274592473
31063,0.028271071500691542
31065,0.040605142102941076
31067,0.007944871755337472
31069,0.007162312513654643
31071,0.015733411759826236
31073,0.0020012382149176633
31075,0.0
31077,0.0
31079,0.0
31081,0.0
31083,0.07260494515577882
31085,0.0
31087,0.01434086433247555
31089,0.030240435650345746
31091,0.016670145778961643
31093,0.059772007206290674
31095,0.026380302595613213
31097,0.08470550504461974
31099,0.005821689664475527
31101,0.02498304188531214
31103,0.11857036885803843
31105,0.0
31107,0.09765586605627466
31109,0.02655137857948816
31111,0.06769666032827759
31113,0.0
31115,0.04317140678253575
31117,0.0
31119,0.019011310067205377
31121,0.012945498098219668
31123,0.01484328337390177
31125,0.15617780136993223
31127,0.07553687741496358
31129,0.01787301028932062
31131,0.07244894298758638
31133,0.011959053970608214
31135,0.0
31137,0.0
31139,0.032124853972434
31141,0.007683354836748399
31143,0.0
31145,0.005919995777931399
31147,0.07185475480304061
31149,0.0
31151,0.05229481626634871
31153,0.04128486527659279
31155,0.04093506420618245
31157,0.055744527830100296
31159,0.038039637603500084
31161,0.032761322679910755
31163,0.03395400648029634
31165,0.03370874020185976
31167,0.07011137721328507
31169,0.055056148440048046
31171,0.034534105015390504
31173,0.10293292196079047
31175,0.005966419601890509
31177,0.06343150468335604
31179,0.0
31181,0.06267445369778599
31183,0.04421187445122108
31185,0.0
32001,0.06356513474616578
32003,0.08510310966079247
32005,0.4884228468936791
32007,0.10518547854491472
32009,0.09368023494116458
32011,0.18196896000469043
32013,0.015051453726978116
32015,0.1374609336421939
32017,0.3079579644801118
32019,0.12375463217009781
32021,0.19337971004382912
32023,0.20550467944774806
32027,0.03743991979155743
32029,0.1293103448275862
32031,0.08594685798785977
32033,0.389999367269242
32510,0.3888888888888889
33001,0.6266289207243284
33003,0.8461969178095591
33005,0.8156088203703173
33007,0.8981655418174816
33009,0.8671318109618041
33011,0.6932046504356828
33013,0.7984318497598764
33015,0.5573324671688711
33017,0.5635792888523882
33019,0.848673226319263
34001,0.5002867987086882
34003,0.11069127910826349
34005,0.5450453433928572
34007,0.28400858770705517
34009,0.33808634320663244
34011,0.43643564475956076
34013,0.07508807797994714
34015,0.36656790985909826
34017,0.03291449820346996
34019,0.3513364397555266
34021,0.267510988443575
34023,0.25164654615742826
34025,0.3073104221535129
34027,0.44464270104805703
34029,0.46550918104114164
34031,0.5525336670364686
34033,0.25864926378045167
34035,0.26596344376865083
34037,0.6343607559831614
34039,0.05422751927906532
34041,0.49129533811587234
35001,0.20915321987510518
35003,0.6385691312018326
35005,0.18658952419154592
35006,0.5227009063154605
35007,0.43006076366368046
35009,0.0
35011,0.10672072161464968
35013,0.2821789149281332
35015,0.2335576175414283
35017,0.44725314421482204
35019,0.23626873134491308
35021,0.1727105473408008
35023,0.11646516126584669
35025,0.14418438403639924
35027,0.27983080953822204
35028,0.6808510638297873
35029,0.16330399378422747
35031,0.3717613025027489
35033,0.37895588165022026
35035,0.39778298318047356
35037,0.12729814219461108
35039,0.672317941810693
35041,0.00524173781491762
35043,0.395427379350405
35045,0.16297704877938504
35047,0.5051971690367292
35049,0.4949273349723522
35051,0.20225587681213428
35053,0.24422438765943302
35055,0.550957310851715
35057,0.28082248770544876
35059,0.10655582490463236
35061,0.0845743923203831
36001,0.5436897970548045
36003,0.6549663235187365
36005,0.28211261941339294
36007,0.5780995544867753
36009,0.7181956340717536
36011,0.3716923876484204
36013,0.5080550219392054
36015,0.6093942305216951
36017,0.6815817026025677
36019,0.6890160024956424
36021,0.5122431932483916
36023,0.6243335938921775
36025,0.7553490321455504
36027,0.5309696040134743
36029,0.32003721889464637
36031,0.8626749324093304
36033,0.8139481082739463
36035,0.771366992396106
36037,0.30803994862248596
36039,0.7818008378459305
36041,0.8992698975637486
36043,0.752684306928509
36045,0.46062643671508446
36047,0.0
36049,0.7342750684718595
36051,0.3431488876904518
36053,0.4842695279436048
36055,0.2649284082420075
36057,0.2465209016414732
36059,0.06770022622458469
36061,0.14056578317345975
36063,0.26090351211495016
36065,0.5725768730121705
36067,0.4204038187692788
36069,0.47239281020289453
36071,0.49625817129379407
36073,0.25938353692758764
36075,0.5649290591764831
36077,0.6212434585535624
36079,0.6678130211601288
36081,0.0
36083,0.6138828054279475
36085,0.14864321013154122
36087,0.26144379794565564
36089,0.7031999458796915
36091,0.6668013421081123
36093,0.5826440092318668
36095,0.6407293198869213
36097,0.5307308176879382
36099,0.223367914754285
36101,0.5646482958480704
36103,0.2631365982040644
36105,0.7349070331360317
36107,0.5407941032257939
36109,0.5124618353267295
36111,0.7177076714797794
36113,0.8623371103920381
36115,0.6070688747677021
36117,0.3555713705200273
36119,0.3934900744583212
36121,0.40086031330662586
36123,0.4126824975012967
37001,0.4671976000496968
37003,0.5693064475656895
37005,0.5079504827878909
37007,0.6825393033394255
37009,0.6251347037600444
37011,0.7748788869146586
37013,0.5748284663410621
37015,0.7314491193808603
37017,0.7349888692722267
37019,0.5951520121890649
37021,0.5542517497827674
37023,0.7646056214939659
37025,0.4226566583540881
37027,0.7710574749456145
37029,0.3872954265586453
37031,0.20038263628073086
37033,0.6915570217955718
37035,0.31002156745912385
37037,0.5519518298051626
37039,0.8167008917034588
37041,0.3637178891784712
37043,0.6675013974971964
37045,0.4444369658147595
37047,0.6104785006418811
37049,0.5911449090384692
37051,0.5565936858923246
37053,0.11740814594479203
37055,0.15576832244451855
37057,0.48717211109262626
37059,0.5100546949751076
37061,0.5167495697696939
37063,0.44632436488635097
37065,0.5521674161881781
37067,0.4115621282259082
37069,0.6146842579846625
37071,0.4198741689628356
37073,0.6452650307482417
37075,0.9056740690295036
37077,0.6275393220078693
37079,0.319921700784487
37081,0.3900925576493989
37083,0.6150621262675908
37085,0.5440353390410277
37087,0.785822024119008
37089,0.6533321755639716
37091,0.7460436995353795
37093,0.7217789325742355
37095,0.2525785494988942
37097,0.29934331959846816
37099,0.8348336070981961
37101,0.47954384526188454
37103,0.796929165637007
37105,0.5993296975931887
37107,0.5579468182243711
37109,0.44239826439948504
37111,0.8078528918685706
37113,0.8824643392616578
37115,0.7818097721843121
37117,0.6768729276817573
37119,0.2705721274608046
37121,0.77382223980684
37123,0.75671685402805
37125,0.6807730179237202
37127,0.5105624141181976
37129,0.16277381626909082
37131,0.6375383350040863
37133,0.6112606943547306
37135,0.48337498846690025
37137,0.4539311168318344
37139,0.15251238061212175
37141,0.7302957121022677
37143,0.351645254273645
37145,0.5738199565839956
37147,0.42066776449154203
37149,0.6185229542136754
37151,0.6054030241511122
37153,0.7610737012099144
37155,0.5589198865875252
37157,0.6782423153100765
37159,0.42505119300054994
37161,0.6072303505122507
37163,0.41996565558967763
37165,0.6539506157745839
37167,0.4607921009906457
37169,0.7392039535828081
37171,0.5984049477024074
37173,0.8838937798680924
37175,0.8777979269817758
37177,0.3980789155895309
37179,0.3606955527431904
37181,0.6578994655743053
37183,0.290925322981124
37185,0.7496281601474634
37187,0.4039754917681953
37189,0.5958606966096852
37191,0.44797867228484134
37193,0.7148440978235986
37195,0.3624512333973021
37197,0.36034083240238146
37199,0.78139014037311
38001,0.0
38003,0.0014991463928421035
38005,0.021550903951727325
38007,0.10319198216727012
38009,0.017170526758589683
38011,0.0
38013,0.006526641599337468
38015,0.005545192518945406
38017,0.006156892526344649
38019,0.03857922999505282
38021,0.00019454704223111722
38023,0.0
38025,0.08918517944956408
38027,0.014394079783556496
38029,0.012366894691383854
38031,0.007823098642314447
38033,0.012552883596247068
38035,0.012814978501750968
38037,0.014979264212326664
38039,0.006596800598870835
38041,0.0
38043,0.0
38045,0.014554200230681442
38047,0.0
38049,0.02556276540273002
38051,0.0
38053,0.049815875107455825
38055,0.008672916427804177
38057,0.01747480421106083
38059,0.018345626971480934
38061,0.011529480214179098
38063,0.008692659534170267
38065,0.022683304271254194
38067,0.07963066917033038
38069,0.0
38071,0.007227138426565061
38073,0.04956466113457052
38075,0.013918876812069202
38077,0.018283539344650324
38079,0.1130993483751794
38081,0.0
38083,0.003471171259417285
38085,0.0049437930799494205
38087,0.007681330986177199
38089,0.001038234861278811
38091,0.0
38093,0.0
38095,0.0
38097,0.02164833515929489
38099,0.017798443661370168
38101,0.011104360206663128
38103,0.008604291315349497
38105,0.009959150325986214
39001,0.6063127379292518
39003,0.10519191711682022
39005,0.3732342526834323
39007,0.40929584568605776
39009,0.7095557851905757
39011,0.12244070691369828
39013,0.5784070145321664
39015,0.24139186974058877
39017,0.27792212166989244
39019,0.3799312435396832
39021,0.0904431151247445
39023,0.17885595231959434
39025,0.33866854212490904
39027,0.12186833120960507
39029,0.4184868550361774
39031,0.5109362455384583
39033,0.03370780952380952
39035,0.20414419668262715
39037,0.09528963943440291
39039,0.1404911964447756
39041,0.066533834506757
39043,0.10451962065151445
39045,0.1730070316472861
39047,0.03795151128080328
39049,0.09740610466653356
39051,0.13481249734170317
39053,0.6459301750107374
39055,0.5098614697180921
39057,0.10535035256087683
39059,0.5845331845749929
39061,0.34458525614189534
39063,0.07228779200963482
39065,0.03735416666666667
39067,0.5849149439129087
39069,0.08464767731582634
39071,0.24822030759546676
39073,0.7932701951525666
39075,0.32291634853144985
39077,0.1295400180652443
39079,0.5345868219243639
39081,0.4748949906068511
39083,0.25624873844727586
39085,0.4688296772938418
39087,0.7421583216537994
39089,0.22628641947669162
39091,0.15526510609198665
39093,0.22122760481360887
39095,0.1467174328676972
39097,0.06243117504805621
39099,0.1879861308172443
39101,0.09627180736500868
39103,0.19623863809972442
39105,0.7275305929827335
39107,0.005225893037696419
39109,0.0980418221696356
39111,0.7173559811850984
39113,0.1413389993891334
39115,0.5773466349532898
39117,0.3195430260231583
39119,0.4743133877156974
39121,0.5489382706638729
39123,0.1185173183601108
39125,0.03659790179587388
39127,0.5048054261962778
39129,0.04545989546758239
39131,0.5752879610656262
39133,0.35665207115873665
39135,0.18543213940101927
39137,0.015364078489232292
39139,0.15449070801206316
39141,0.4490002709951057
39143,0.03378653165860755
39145,0.7363354306255463
39147,0.08644736672486535
39149,0.073755494356534
39151,0.14438665018467664
39153,0.31916103521597855
39155,0.47679435046309726
39157,0.49521568381625536
39159,0.028263347671663004
39161,0.07031611097002502
39163,0.8102913903184008
39165,0.24456788032097554
39167,0.6570282075496072
39169,0.11824392707425567
39171,0.16139953526410802
39173,0.08200764787448178
39175,0.05997970619611648
40001,0.5355465228788108
40003,0.03241615364864654
40005,0.6031360013044228
40007,0.0
40009,0.21345449501221372
40011,0.13371575404473035
40013,0.2478859441401225
40015,0.1090034562251755
40017,0.07808958157622889
40019,0.3021824247569053
40021,0.5260305476627346
40023,0.4442328921197662
40025,0.03556467907686034
40027,0.2769462807427115
40029,0.42408385358773426
40031,0.15168887646881307
40033,0.13385290738544792
40035,0.08785325128566199
40037,0.5527346916708156
40039,0.045868152411775984
40041,0.3907854299598338
40043,0.15811446969876988
40045,0.039903879477702624
40047,0.02111593701903647
40049,0.29077406129998246
40051,0.17018359738762107
40053,0.02384768115570702
40055,0.26828143236882185
40057,0.14337637399815265
40059,0.00927675603919906
40061,0.3973521674063538
40063,0.5317371051019191
40065,0.16664551414072476
40067,0.24593758635508703
40069,0.495645280066374
40071,0.12272716690793346
40073,0.042011880517487686
40075,0.11376910890583397
40077,0.6810032280466515
40079,0.6490566155280001
40081,0.30802606219431555
40083,0.21118155361922714
40085,0.44414670184175387
40087,0.19094023378273248
40089,0.7298363660233067
40091,0.37476295033825185
40093,0.15021572046279913
40095,0.349826634733764
40097,0.3152900617912997
40099,0.28805610707335566
40101,0.3913100192309544
40103,0.08196159699766366
40105,0.11592846047033972
40107,0.49728990010688057
40109,0.27984935858765947
40111,0.3374393460161064
40113,0.3128148445775794
40115,0.16034417280145963
40117,0.2886047358606338
40119,0.3273848381547283
40121,0.4657578516333035
40123,0.40374213671815407
40125,0.4200278546522872
40127,0.8154492287521226
40129,0.09016006034241439
40131,0.17343678384711428
40133,0.4899880193664394
40135,0.5295993341103022
40137,0.2525887788018576
40139,0.0
40141,0.0844950335460328
40143,0.2417388210258551
40145,0.31382116105431695
40147,0.19896399824571537
40149,0.04974954700160941
40151,0.06626840972817939
40153,0.12050665303462565
41001,0.37671804132970926
41003,0.6459813249477143
41005,0.7310764147432793
41007,0.6465076776398414
41009,0.7484678458452451
41011,0.7372907429353694
41013,0.5264825082283447
41015,0.7862769504094692
41017,0.6167866114352262
41019,0.8663181072054179
41021,0.0
41023,0.6852633604220044
41025,0.13032848955537416
41027,0.8352330915856064
41029,0.8377151415374517
41031,0.5508358699869337
41033,0.8832986123764309
41035,0.7460297351898688
41037,0.264484942462749
41039,0.8105205889624373
41041,0.7282971485143128
41043,0.6823390274263701
41045,0.01497276117392513
41047,0.5068076779971535
41049,0.16456466102244285
41051,0.43476398664888233
41053,0.6092771634966949
41055,0.0
41057,0.7045397260979493
41059,0.2729335774322263
41061,0.621749059155588
41063,0.48859944948172185
41065,0.37264757322659553
41067,0.5160386325681268
41069,0.5075087802138232
41071,0.5099021717692663
42001,0.3731106360498541
42003,0.3042976155733703
42005,0.5719624178939622
42007,0.46544610248802243
42009,0.5877147869375257
42011,0.3431823356356122
42013,0.6671836027388449
42015,0.5724828213910174
42017,0.3124467718289886
42019,0.4809307193585067
42021,0.6480653386925092
42023,0.9505640646015263
42025,0.6404670302713233
42027,0.7351958485854715
42029,0.2074950817829254
42031,0.6028177630448984
42033,0.7440747077650921
42035,0.8682011751145954
42037,0.41083172566172826
42039,0.409476357460907
42041,0.27203405222174104
42043,0.4010664293348929
42045,0.03559837619656384
42047,0.8686541812729007
42049,0.45162144936632315
42051,0.6662543873394252
42053,0.9468830829115602
42055,0.43336672985106606
42057,0.5860234732308556
42059,0.6176588414440123
42061,0.755135267184389
42063,0.6004375215161365
42065,0.6352191171100156
42067,0.5532244586465375
42069,0.7026382198988343
42071,0.13418332675483283
42073,0.4749328139339184
42075,0.3685470505377551
42077,0.31278589312392097
42079,0.669043256162409
42081,0.7859890525854218
42083,0.8783447790025349
42085,0.36868700505323404
42087,0.47021211320596745
42089,0.6596340320727135
42091,0.12863392437225254
42093,0.2659269709256586
42095,0.2524469357806637
42097,0.48436683299464134
42099,0.6288712383910448
42101,0.09497966804302954
42103,0.8363067437883144
42105,0.7951334574194483
42107,0.6503818176569617
42109,0.5420928246452708
42111,0.5827422597344187
42113,0.8208045081999328
42115,0.5945807028481898
42117,0.7123212666381225
42119,0.5736461096801909
42121,0.7236697945247654
42123,0.7554284079491265
42125,0.49339936107024474
42127,0.7111611438830748
42129,0.5262572673325941
42131,0.6244053924230046
42133,0.20176869853826868
44001,0.2500380407095146
44003,0.41170919610871115
44005,0.12601581277137064
44007,0.6067775336175437
44009,0.5200668028524441
45001,0.7135223117233394
45003,0.6338508464472588
45005,0.6700612427547654
45007,0.4080893051235029
45009,0.8613182666794191
45011,0.8124652653296336
45013,0.20975102382627558
45015,0.7328671407948993
45017,0.6427540865959378
45019,0.32472796275077714
45021,0.7311121958269486
45023,0.8406727905989809
45025,0.7206101056151175
45027,0.49748136011779914
45029,0.6665647692186202
45031,0.4416394683981297
45033,0.5563321323479583
45035,0.7310524272456829
45037,0.7501796887577786
45039,0.8649864921475265
45041,0.6385405425815092
45043,0.6285445745476361
45045,0.44497438552008545
45047,0.7041359613355245
45049,0.724686863432417
45051,0.5653615644372243
45053,0.7184699757542871
45055,0.7128532825908596
45057,0.7359376033843293
45059,0.7358440222847404
45061,0.47696516442678577
45063,0.5098275068970467
45065,0.8159397323222061
45067,0.7309322297544807
45069,0.7124625672223671
45071,0.7867282993047898
45073,0.5813805073037781
45075,0.6024819657364535
45077,0.6484868797273885
45079,0.6327397411544318
45081,0.710072157999614
45083,0.4138343267378657
45085,0.6248087118483056
45087,0.8212413368375321
45089,0.7112272054981964
45091,0.5781593717420941
46003,0.0
46005,0.0012283705791015492
46007,0.038066854741622316
46009,0.038442070353959155
46011,0.001756882347683658
46013,0.005320616507794866
46015,0.010880171656226983
46017,0.0
46019,0.007743960491959117
46021,0.0
46023,0.00956952469788291
46025,0.005166757502757809
46027,0.022384230918826808
46029,0.0
46031,0.007389971003888418
46033,0.41870164003605037
46035,0.01595744680851064
46037,0.006375653905527373
46039,0.009918217117774025
46041,0.007658631851193092
46043,0.0
46045,0.0056534855490694026
46047,0.09644798474589202
46049,0.0
46051,0.01248604767507121
46053,0.1006271011647911
46055,0.005180735640136606
46057,0.005109999340046166
46059,0.0032246537306572973
46061,0.02023766365382394
46063,0.014573028414068991
46065,0.002920714864230332
46067,0.0
46069,0.0
46071,0.03742346679652442
46073,0.016947751501998058
46075,0.004960223736546307
46077,0.0027351541075615405
46079,0.01913505564464805
46081,0.7237342074760368
46083,0.01469159439418547
46085,0.005072043372414529
46087,0.0
46089,0.0038386253696555232
46091,0.014190669033407304
46093,0.038184247301364986
46095,0.022100052470641365
46097,0.004107734738818232
46099,0.00623906130754167
46101,0.004357040783879007
46103,0.24655547000282546
46105,0.0
46107,0.0
46109,0.01420209132250309
46111,0.04282020672518033
46113,0.04454183156562921
46115,0.0015647638078558467
46117,0.006120478191634646
46119,0.0022222322470291903
46121,0.03712941380430276
46123,0.008448108305324017
46125,0.0
46127,0.03996833471966271
46129,0.008907632188938065
46135,0.0015485159392768942
46137,0.004695259539948153
47001,0.6379761722091437
47003,0.3274629243045387
47005,0.6348324958305234
47007,0.6561289548086393
47009,0.6607008519477228
47011,0.24893589186737464
47013,0.6764212284829096
47015,0.5224361414310693
47017,0.44352989460446496
47019,0.6629883818347676
47021,0.5981370682456769
47023,0.571160512343736
47025,0.5196002065538287
47027,0.45837123957597686
47029,0.6377725237571973
47031,0.41437981653785044
47033,0.06534063177285974
47035,0.7149281662067686
47037,0.3683235643196884
47039,0.7323700613395161
47041,0.7509304176947382
47043,0.5512160674925828
47045,0.173668079713126
47047,0.465688387212777
47049,0.7860698999883268
47051,0.48062577475537716
47053,0.16923512654477504
47055,0.5593942015734086
47057,0.503132302059047
47059,0.4049313102410106
47061,0.7601540743556169
47063,0.21176001442987819
47065,0.5167794069840363
47067,0.6163657355209781
47069,0.6882388501534292
47071,0.6554115752161465
47073,0.5787060394791138
47075,0.2762843299756143
47077,0.6047078807752927
47079,0.44666502274862835
47081,0.7646927233994113
47083,0.6743338880745292
47085,0.5860461695176813
47087,0.7133862895351745
47089,0.41460134422071104
47091,0.7871720252924822
47093,0.2663992964629752
47095,0.20441178330552326
47097,0.2874120935454618
47099,0.39627907405445817
47101,0.8484075007741299
47103,0.36454625939431085
47105,0.382969524821813
47107,0.556524391739025
47109,0.6510186495748794
47111,0.433637534678383
47113,0.4047828907328165
47115,0.7612795163802039
47117,0.48524479750804494
47119,0.3426990748914127
47121,0.5114831846769967
47123,0.6446233393220454
47125,0.38518359394749396
47127,0.4299052103543626
47129,0.7640582922223221
47131,0.2347749211184251
47133,0.5169168328568686
47135,0.7870866824612693
47137,0.6171599915972724
47139,0.7400342033446444
47141,0.5035609381339309
47143,0.59006941882726
47145,0.6598269113817713
47147,0.10620392184923448
47149,0.3504873010536658
47151,0.8269164924271178
47153,0.7514208943717308
47155,0.7183739383406107
47157,0.2933512903629358
47159,0.48874545616165
47161,0.6349752654971106
47163,0.4485292163257988
47165,0.3114790186218759
47167,0.1786143792115645
47169,0.4728096605548689
47171,0.8961205413103104
47173,0.6837138138340857
47175,0.7720944865983426
47177,0.38999088848755764
47179,0.3406990383626987
47181,0.7337681632291841
47183,0.2710045699357114
47185,0.5444569962545142
47187,0.37610371231129897
47189,0.35827025179073996
48001,0.5923102489916556
48003,0.4261435460992908
48005,0.6842335037890427
48007,0.07914254996335401
48009,0.4433854720892785
48011,0.27098986217983656
48013,0.3513291773381553
48015,0.14645553904933334
48017,0.02083466292134831
48019,0.7358912478501664
48021,0.41684924762925946
48023,0.5482306338261657
48025,0.4479080358678887
48027,0.26571076181229136
48029,0.2550385628760628
48031,0.6657261261689726
48033,0.5299712602739726
48035,0.45395599311599716
48037,0.4733820218389721
48039,0.20446137809218334
48041,0.25972975513989377
48043,0.09313267211393432
48045,0.41516856861416507
48047,0.6130282578993684
48049,0.6085472939707212
48051,0.32175715723324416
48053,0.5872080607896573
48055,0.41820984193853455
48057,0.07155213780885206
48059,0.6903802467020315
48061,0.03989186176007153
48063,0.32663323083583967
48065,0.0
48067,0.6587717808584126
48069,0.0
48071,0.08262020005138934
48073,0.6039509012448298
48075,0.21474077903924046
48077,0.4087674843173024
48079,0.10612933936582594
48081,0.669098365590662
48083,0.5457906604525172
48085,0.1187977722475945
48087,0.12370122727272727
48089,0.21616836819180005
48091,0.49543738821116085
48093,0.4128044538692245
48095,0.5529936812264431
48097,0.22918901192923016
48099,0.4612491027940383
48101,0.30556040636878395
48103,0.5952455974892922
48105,0.8338494499725029
48107,0.16162484480051464
48109,0.08002950740056028
48111,0.0
48113,0.15129657950504968
48115,0.047872340425531915
48117,0.031446540880503145
48119,0.232308287255784
48121,0.16519609244576466
48123,0.39803225258211383
48125,0.3969021760461102
48127,0.7054870849999874
48129,0.20956956578947367
48131,0.5096199264134528
48133,0.5423134615407466
48135,0.5070767561726179
48137,0.8901323532076649
48139,0.16399794607697568
48141,0.17227654577217702
48143,0.39813082209335765
48145,0.1038983811356009
48147,0.2687016925379516
48149,0.3645483902625681
48151,0.3563975316342329
48153,0.07279699852422876
48155,0.47549175960369666
48157,0.08996431424620097
48159,0.5306293800979981
48161,0.4423608025821596
48163,0.47207371285432576
48165,0.07927875167785234
48167,0.013157894736842103
48169,0.45669425641025635
48171,0.6855542700521626
48173,0.444838595505618
48175,0.4527668326797558
48177,0.3945442315841674
48179,0.03269509081907389
48181,0.318628827645553
48183,0.4320265191410722
48185,0.3018137022762571
48187,0.22563964812896956
48189,0.0027027586090502833
48191,0.38396630635435736
48193,0.4097542557451957
48195,0.0
48197,0.20452847038928598
48199,0.8548205692387478
48201,0.17534638467149233
48203,0.6394051547737448
48205,0.006337407088634246
48207,0.3271535905959881
48209,0.5003156734873521
48211,0.013767544753718037
48213,0.3233941957604357
48215,0.19138057695460714
48217,0.3087126706701537
48219,0.08392146464646465
48221,0.34282738143999436
48223,0.3076435774085661
48225,0.5093325883067307
48227,0.3600294385108625
48229,0.07164274295257266
48231,0.2082911689196479
48233,0.09900063140818195
48235,0.8174554082128703
48237,0.6760260965637032
48239,0.19014538317552446
48241,0.8268686593254359
48243,0.1752940143837202
48245,0.10035544780564502
48247,0.6817248616478586
48249,0.48493805192494793
48251,0.13280034047155162
48253,0.2027739274806962
48255,0.2353190408364227
48257,0.29036652904264815
48259,0.6537802085354735
48261,0.2566177013758298
48263,0.5065794896644071
48265,0.7616410891797455
48267,0.8401728333241498
48269,0.5353272359782709
48271,0.5786256638230386
48273,0.2001093767460231
48275,0.4355501051219783
48277,0.25503053370942746
48279,0.008744058252427184
48281,0.6274481940727807
48283,0.6741338191023468
48285,0.3083992036963212
48287,0.34267600061676334
48289,0.4135532780613773
48291,0.5304029616799107
48293,0.3478108334734079
48295,0.0
48297,0.38536165226251445
48299,0.7878554210773818
48301,0.4106443626272551
48303,0.0
48305,0.09148017391304347
48307,0.5844282613642755
48309,0.16175391654570104
48311,0.5080953583964131
48313,0.21572419649750524
48315,0.7953574181874136
48317,0.1895563190591464
48319,0.7702439333375817
48321,0.05235663466898029
48323,0.6220231046511628
48325,0.5047068483468844
48327,0.8519689018842241
48329,0.4440749605263158
48331,0.3112228799546242
48333,0.426725881996234
48335,0.4006024376542452
48337,0.38938976449686075
48339,0.513223571366144
48341,0.016107263492802514
48343,0.3721667250364566
48345,0.3984132619649632
48347,0.7167802119765362
48349,0.319221409889063
48351,0.8969424782508341
48353,0.5889721564124133
48355,0.026681169877561996
48357,0.007423546391752578
48359,0.20105820105820102
48361,0.46434558946657817
48363,0.6642677838612393
48365,0.6848581340526644
48367,0.24836426299372477
48369,0.0
48371,0.43391380853094497
48373,0.7807383484854824
48375,0.2547566848025488
48377,0.051604186332201464
48379,0.2218894386039103
48381,0.019324837509217985
48383,0.5991955041322314
48385,0.7969900418871222
48387,0.45448146066496486
48389,0.21059773548715213
48391,0.4032747832553469
48393,0.014534883720930232
48395,0.31998411650201575
48397,0.05984042104727679
48399,0.24149759493455533
48401,0.5083170829529677
48403,0.7108293844930558
48405,0.7003755081517834
48407,0.6902683809699389
48409,0.13916068575182033
48411,0.7207044087726368
48413,0.7245402094980684
48415,0.36016271619073176
48417,0.7916920266046377
48419,0.6099819323818305
48421,0.0
48423,0.4113660602563022
48425,0.45031189576408703
48427,0.37392615611920205
48429,0.7140537384061657
48431,0.6676313084633704
48433,0.5990915575355253
48435,0.8334639915678375
48437,0.010309278350515464
48439,0.14380033905236467
48441,0.422929429407585
48443,0.4102470907804293
48445,0.021739130434782608
48447,0.5555922432834408
48449,0.3606309543334071
48451,0.4882440453456796
48453,0.33573365506879216
48455,0.7610038324786377
48457,0.8912320561232457
48459,0.5229574076225502
48461,0.5003880691932169
48463,0.6169660185269895
48465,0.46740417465488004
48467,0.30005687349404475
48469,0.26746160740707203
48471,0.6631030623470816
48473,0.23124162452797883
48475,0.4911140865458153
48477,0.30297134164918726
48479,0.6955522608543884
48481,0.05374911328340259
48483,0.01700633333333333
48485,0.3285880720238284
48487,0.256990773195499
48489,0.10818146961759997
48491,0.1755976097706068
48493,0.2903713564214559
48495,0.4051649966207737
48497,0.2561149375076992
48499,0.5398307325277659
48501,0.055882352941176466
48503,0.5402711766554876
48505,0.7083834285714284
48507,0.5789386209631775
49001,0.45152752732051177
49003,0.07239790096822028
49005,0.3849543167586222
49007,0.5307923693104001
49009,0.6778883064623872
49011,0.04508196721311476
49013,0.5455417442374775
49015,0.22254792215289576
49017,0.4883554375314062
49019,0.40322057570837294
49021,0.40934519873001934
49023,0.21089572685225005
49025,0.5159378249679636
49027,0.1490429533903834
49029,0.4870242805141417
49031,0.47647479812392535
49033,0.14025906071940508
49035,0.3308441817846834
49037,0.32342365413544794
49039,0.5168451338476816
49041,0.5283405206025596
49043,0.5907799339142609
49045,0.09497016374229006
49047,0.3419896189920933
49049,0.4866588899469126
49051,0.6583276216436061
49053,0.49145142350391885
49055,0.1777958818689946
49057,0.3133768109627988
50001,0.6023488478573751
50003,0.7823685988512183
50005,0.8285667647532857
50007,0.5240832346142275
50009,0.9073203479149742
50011,0.5784774850623124
50013,0.10251010990070716
50015,0.8538336033515885
50017,0.7920566187022383
50019,0.7523153478851363
50021,0.7863826154962404
50023,0.7420389918261966
50025,0.8260516444773153
50027,0.7817982739334294
51001,0.1170889174438492
51003,0.5908453415962072
51005,0.8740821914542292
51007,0.6978683506714541
51009,0.7905221823773321
51011,0.5961383104127898
51013,0.0
51015,0.5290531495882052
51017,0.8585731908872971
51019,0.5893959291525709
51021,0.7387100810520545
51023,0.7463687030842424
51025,0.7199174725266738
51027,0.8725554789404096
51029,0.8550441085396641
51031,0.6224564964395916
51033,0.7630770426159041
51035,0.5992325768578909
51036,0.670795988292879
51037,0.7440284553320963
51041,0.46627465961313896
51043,0.27655188700829336
51045,0.7582149044978944
51047,0.4289519640004397
51049,0.6099785476559968
51051,0.8290830363638062
51053,0.7729061165311524
51057,0.5182990699262827
51059,0.2754967108792617
51061,0.508714708809259
51063,0.5190850462021409
51065,0.5981810606250426
51067,0.5792856932285494
51069,0.6038354244684041
51071,0.8137677597544843
51073,0.45523911996967514
51075,0.6425269070877966
51077,0.5510579944943864
51079,0.7203001954470978
51081,0.734479262152083
51083,0.709090123154164
51085,0.6522052622505695
51087,0.3446877991482981
51089,0.7363596420679684
51091,0.7709437205920897
51093,0.49825074401291575
51095,0.4636257956054744
51097,0.7008995333800471
51099,0.67867845730626
51101,0.6226164229490666
51103,0.3408564065250096
51105,0.6473607303069518
51107,0.2944309994355974
51109,0.6097405187258798
51111,0.8572460391259665
51113,0.48261802986042335
51115,0.15289270027554253
51117,0.6996021586249863
51119,0.3717239319446859
51121,0.660311029974054
51125,0.800105965676248
51127,0.662612150230322
51131,0.04583906210056369
51133,0.3300935467045258
51135,0.7304061389323271
51137,0.6191430678637938
51139,0.5985130272446825
51141,0.6901404253071262
51143,0.6003277443612224
51145,0.5813689612057039
51147,0.6294602515986887
51149,0.5524202842412073
51153,0.38185343469118904
51155,0.5961491269414648
51157,0.7046163068805875
51159,0.5309234274283242
51161,0.42789340378957375
51163,0.7138765866827274
51165,0.6375695650266464
51167,0.5059554418197278
51169,0.7522597657671025
51171,0.5903257886449659
51173,0.6700632203891118
51175,0.6925848210694947
51177,0.5849806936169943
51179,0.6837724613269238
51181,0.7110877243155346
51183,0.8288342495330409
51185,0.7234660688370671
51187,0.5725734984883428
51191,0.5616591453805736
51193,0.5879653667824962
51195,0.6619429799042772
51197,0.4107929399283262
51199,0.21444507419207293
51550,0.3142280691212994
51650,0.014492225887212875
51700,0.0777486742105563
51800,0.6386115920864579
51810,0.10913390210253399
53001,0.0
53003,0.18014399158122105
53005,0.0
53007,0.6753941486021995
53009,0.5685705165887571
53011,0.4637468028491266
53013,0.3165179006031653
53015,0.8282726378050268
53017,0.0055322066778738755
53019,0.8607061549439933
53021,0.0
53023,0.25774612870835084
53025,0.0
53027,0.764370910594372
53029,0.14742378111272172
53031,0.6953404939729361
53033,0.5772562373847786
53035,0.45897636847583484
53037,0.49760103281076623
53039,0.46853653906711495
53041,0.8316926662877763
53043,0.051123756827186784
53045,0.7847429555400288
53047,0.6309636058046026
53049,0.6520256848892839
53051,0.8944261479306477
53053,0.622109208917911
53055,0.2059649722040778
53057,0.6332845332968088
53059,0.9118168585203785
53061,0.6323504596802704
53063,0.3586796357122896
53065,0.7732969895719917
53067,0.49662297504718117
53069,0.7589384766545678
53071,0.018771103415235274
53073,0.5504290275962256
53075,0.01824535072173119
53077,0.41326215270503547
54001,0.8548376881494278
54003,0.45194210726211553
54005,0.8577940295860079
54007,0.8491568174596382
54009,0.6857853780513696
54011,0.5949911225586951
54013,0.8768514371217205
54015,0.8800040986401914
54017,0.887549052846336
54019,0.8877741072764648
54021,0.8048515840075213
54023,0.7782331830238138
54025,0.8427061410205795
54027,0.7253078512676543
54029,0.5601304204181677
54031,0.8182721324738074
54033,0.5139412028023771
54035,0.7785738162972234
54037,0.19743390336916802
54039,0.6729979210881609
54041,0.8101885953264706
54043,0.8339753125662747
54045,0.8404636028152784
54047,0.9016190897526386
54049,0.5802822761364205
54051,0.7153611766025051
54053,0.6170309497814346
54055,0.7004656288112325
54057,0.7422565196103181
54059,0.9066024063943602
54061,0.5670094332349964
54063,0.637069388811009
54065,0.6840676564717301
54067,0.7993877051772257
54069,0.7602802790487242
54071,0.8141760957089458
54073,0.7159314560481236
54075,0.8593581911113973
54077,0.6855113645776835
54079,0.8251530510482104
54081,0.7853792174264015
54083,0.8720130147280929
54085,0.8236993001607286
54087,0.7954873405574868
54089,0.786732985377998
54091,0.535803804898579
54093,0.7778333417488147
54095,0.6106118432564078
54097,0.6673490292927018
54099,0.8211142903427248
54101,0.972157262713312
54103,0.8051448048367182
54105,0.8355969176271305
54107,0.6882458142699529
54109,0.8169052062428999
55001,0.5677672239388363
55003,0.7977089343398615
55005,0.29998447773595116
55007,0.8334304198188632
55009,0.17983896974706698
55011,0.44612365553670985
55013,0.6458988961307355
55015,0.13764823192212117
55017,0.4076657731732627
55019,0.41463563202544745
55021,0.19783476449443724
55023,0.43620487695029003
55025,0.1306759141536589
55027,0.0837290617200859
55029,0.4718408808462103
55031,0.7692313904497806
55033,0.3940399419783031
55035,0.3964430085798879
55037,0.9138283559745753
55039,0.08755184671135717
55041,0.8943855805063678
55043,0.2693165857397808
55045,0.11610172487605333
55047,0.19388644398429083
55049,0.32765104327949657
55051,0.8511563038808455
55053,0.5827990438219134
55055,0.13750854884294444
55057,0.5232637469286934
55059,0.10692987389660949
55061,0.11888675443779648
55063,0.4818085370183328
55065,0.1273126990083617
55067,0.7443501532343484
55069,0.7523944625416179
55071,0.2620528055290913
55073,0.4576828424050176
55075,0.7935156794276816
55077,0.4371193571677582
55078,0.9247914706176491
55079,0.07321289914840001
55081,0.4964580967681591
55083,0.5560995093508634
55085,0.7416246284463668
55087,0.15941072654697835
55089,0.1658130960366703
55091,0.3942347154254966
55093,0.27172358666289614
55095,0.4488487229615798
55097,0.34011779520298874
55099,0.7447524732543809
55101,0.08828651174470423
55103,0.4925371162844686
55105,0.15560934138253738
55107,0.6992125513436761
55109,0.27526831740972013
55111,0.36713027103657514
55113,0.7656774650063818
55115,0.49009516357420074
55117,0.22570792134461454
55119,0.6112861798153233
55121,0.331804924734159
55123,0.4513678389214509
55125,0.7719034202659844
55127,0.12903126182717659
55129,0.699118796377717
55131,0.18578778711575702
55133,0.16158362056415193
55135,0.4454269105815984
55137,0.40817677102269695
55139,0.07773308229856259
55141,0.4636854368278109
56001,0.1881425402528146
56003,0.13148084249035547
56005,0.034397266583758274
56007,0.14981032651200873
56009,0.0915361738565806
56011,0.29368310070079473
56013,0.1714736010531344
56015,0.011054059880239522
56017,0.11586072305838874
56019,0.16035579159272284
56021,0.011627906976744186
56023,0.27046553122802514
56025,0.047648933360928285
56027,0.019762845849802372
56029,0.42951536444626215
56031,0.08108175897435899
56033,0.2056520796211422
56035,0.249069329003055
56037,0.02893968871595331
56039,0.6997332061065586
56041,0.06347150259067356
56043,0.06865284974093265
56045,0.10741417092986731
72001,0.8534367028972614
72003,0.0
72005,0.10533082773639835
72007,0.9099992204586245
72009,0.5829791969635966
72011,0.563592197632871
72013,0.39571286375110715
72015,0.0
72017,0.3470109576784356
72019,0.42657399999999995
72021,0.13444576151361345
72023,0.2427306916075727
72025,0.5176141813895495
72027,0.23859140950452704
72029,0.637298129145653
72031,0.16221567825110428
72035,0.6101548092900352
72037,0.1275072536631546
72039,0.9291190970299553
72041,0.2805854846414764
72043,0.4883089733207206
72045,0.400673867602239
72047,0.6018674845428241
72049,0.06651948637592409
72051,0.0
72053,0.12380647694853834
72055,0.4690709706172338
72057,0.5799605227688471
72059,0.6072126584007679
72061,0.3125
72063,0.6227599196253584
72065,0.0580038693060408
72067,0.196489
72069,0.06123974544045528
72071,0.5251111925901105
72073,0.7847389110020164
72075,0.2493334436160097
72077,0.0
72079,0.21406149925015322
72081,0.5137346367873391
72083,0.5649040859905373
72085,0.0
72087,0.14691676424431543
72089,0.6326481157723387
72091,0.23049723815673517
72093,0.8202386205086017
72095,0.0
72097,0.33193149840237357
72099,0.4346158066539773
72101,0.4296597186887544
72103,0.2621257289754099
72105,0.7500000000000001
72107,0.6335150485365094
72109,0.5197770531437146
72111,0.23111979393496013
72113,0.3218968996898708
72115,0.3939635836259245
72117,0.1969248633435858
72119,0.26265672712983995
72121,1.0
72123,0.2140261340991491
72125,0.7409114836225524
72127,0.12125697364956294
72129,0.40215255513794546
72131,0.42299270834660246
72133,0.01174382623874012
72135,0.3294664628971964
72137,0.23216420245634384
72139,0.4841857010821673
72141,0.72869915139766
72143,0.4031326201401872
72145,0.25313476343405866
72147,0.158109158519768
72149,0.7736686204313253
72151,0.3505481541600428
72153,0.7589981275423281
78010,0.5605954682080926
78020,0.8126483428571428
78030,0.43641665217391307
51510,0.0
51515,0.5893959291525709
51520,0.4485292163257988
51530,0.7138765866827274
51540,0.5908453415962072
51550,0.3872954265586453
51570,0.46627465961313896
51580,0.8740821914542292
51590,0.6915570217955718
51595,0.734479262152083
51600,0.2754967108792617
51610,0.0
51620,0.49825074401291575
51630,0.5849806936169943
51640,0.5992325768578909
51650,0.04583906210056369
51660,0.6375695650266464
51670,0.46627465961313896
51678,0.7138765866827274
51680,0.7905221823773321
51683,0.38185343469118904
51685,0.38185343469118904
51690,0.7363596420679684
51700,0.49825074401291575
51710,0.04583906210056369
51720,0.6619429799042772
51730,0.46627465961313896
51735,0.04583906210056369
51740,0.3142280691212994
51750,0.660311029974054
51760,0.46627465961313896
51770,0.42789340378957375
51775,0.42789340378957375
51790,0.5290531495882052
51800,0.3872954265586453
51810,0.11740814594479203
51820,0.5290531495882052
51830,0.4636257956054744
51840,0.6038354244684041
11001,0.0
