FIPS,Snow_Prob
51570,2.65
13089,0.8587499999999999
13201,0.0
13209,0.0
13253,0.0
21023,14.912499999999998
21073,9.116666666666667
21081,14.633333333333333
21097,8.566666666666666
21103,9.55
21187,13.149999999999999
21191,18.433333333333334
21223,14.383333333333333
24510,13.200000000000001
27029,87.15333333333334
27087,81.29166666666666
38079,93.9
51007,4.865277777777778
51099,7.183333333333334
51520,6.5625
51620,2.8625
51630,13.1
51683,9.283333333333333
51685,9.283333333333333
51730,2.65
01009,0.136
01017,0.05000000000000001
01019,0.24000000000000005
01033,0.4
01037,0.07916666666666666
01041,0.0
01045,0.0
01069,0.0
01077,0.5499999999999999
01079,0.2875
01101,0.08
01103,0.5333333333333333
01105,0.04583333333333334
01107,0.005
01111,0.15
01115,0.07416666666666667
01117,0.04888888888888889
01119,0.04166666666666667
01129,0.0
02070,69.15
02130,23.15
02261,90.97916666666667
02270,98.76249999999999
02275,36.875
05015,7.840000000000001
05025,0.2
05027,0.55
05047,2.75
05073,0.675
05077,0.775
05079,0.3333333333333333
05089,4.737500000000001
05091,0.37
05103,0.5
05111,1.2
05139,0.016666666666666666
06003,22.836666666666662
06103,8.706666666666667
08005,38.44722222222222
08007,46.782
08014,50.16111111111112
08021,44.07333333333333
08023,30.462500000000002
08029,56.75833333333333
08033,62.74404761904762
08037,91.28111111111112
08047,76.63444444444444
08079,66.55
08111,76.81333333333333
08119,52.983333333333334
09007,17.525
09009,30.383333333333336
09013,31.396666666666665
12007,0.0
12013,0.0
12019,0.0
12033,0.0
12035,0.0
12039,0.0
12041,0.0
12059,0.0
12063,0.0
12067,0.0
12071,0.0
12077,0.0
12119,0.0
12125,0.0
12129,0.0
13003,0.0
13007,0.0
13013,0.3
13019,0.0
13021,0.0
13023,0.0
13025,0.0
13027,0.0
13029,0.0
13031,0.0
13035,0.6
13043,0.0
13053,0.125
13061,0.0
13073,0.13333333333333333
13075,0.0
13079,0.0
13083,0.875
13085,1.54
13087,0.0
13091,0.0
13093,0.0
13097,1.3250000000000002
13099,0.0
13101,0.0
13103,0.0
13109,0.0
13111,2.3
13113,1.3
13121,0.96
13133,0.15
13135,0.3
13141,0.1
13143,0.8500000000000001
13145,0.12
13149,0.6
13151,0.975
13155,0.0
13157,0.575
13165,0.0
13167,0.0
13171,0.0
13173,0.0
13177,0.0
13183,0.0
13185,0.0
13189,0.225
13207,0.0
13211,0.39999999999999997
13213,1.3
13225,0.0
13231,0.0
13233,0.41875
13237,0.0
13239,0.0
13247,1.2
13249,0.0
13251,0.0
13255,0.6833333333333332
13265,0.4
13269,0.05
13271,0.0
13275,0.0
13279,0.0
13281,1.3
13283,0.0
13287,0.0
13289,0.0
13297,0.6
13299,0.0
13301,0.25
13305,0.0
13309,0.0
13313,0.475
15005,0.0
16003,60.99375
16025,56.8
16029,75.32499999999999
16031,56.81333333333333
16039,71.925
16041,76.73555555555555
16047,56.8
16053,56.8
16055,65.375
16065,78.69999999999999
16067,56.8
16071,58.879999999999995
16075,20.450000000000003
16079,70.39000000000001
16081,95.08571428571429
16083,56.82
16087,42.449999999999996
17003,6.333333333333333
17005,17.233333333333334
17013,17.880000000000003
17033,17.869999999999997
17035,19.25
17039,24.150000000000002
17047,13.9
17055,15.983333333333334
17057,26.116666666666664
17059,12.45
17071,26.7125
17077,9.05
17087,9.133333333333333
17093,33.894999999999996
17115,22.025
17131,32.9
17133,11.145833333333332
17135,19.40277777777778
17139,21.933333333333334
17141,43.388888888888886
17151,7.05
17155,33.1
17161,40.12083333333333
17165,12.45
17169,24.79
17171,22.975
17175,32.2375
17185,15.75
17191,16.195833333333333
17193,17.7
17199,11.1
18007,27.366666666666664
18019,10.925
18025,10.4
18029,17.85
18035,26.35
18037,11.5875
18041,26.85
18043,10.925
18049,31.708333333333332
18051,13.233333333333334
18055,16.942857142857143
18057,25.7
18061,7.5
18063,23.75
18071,17.880000000000003
18075,30.7
18077,15.899999999999999
18087,42.262499999999996
18113,35.412499999999994
18115,17.549999999999997
18117,13.633333333333333
18125,13.225
18129,6.725
18137,19.174999999999997
18143,13.2
18147,11.266666666666666
18159,26.566666666666666
18167,23.080000000000002
18177,25.075
18183,31.150000000000002
19003,32.55
19007,31.05
19009,44.36666666666667
19017,52.36
19027,48.199999999999996
19029,42.0125
19049,44.361111111111114
19063,64.13333333333333
19069,56.550000000000004
19091,63.1
19099,44.20333333333333
19105,47.333333333333336
19107,35.1875
19123,34.31666666666667
19125,35.666666666666664
19149,54.449999999999996
19151,59.1
19163,41.88333333333333
19175,33.97
19177,29.169999999999998
19185,32.96
19187,52.85
19195,64.44
19197,58.225
20011,10.77
20059,13.016666666666666
20061,20.145833333333332
20085,21.15
20091,18.925
20097,8.426666666666666
20111,14.452083333333334
20121,13.95
20139,17.244444444444444
20157,28.047916666666666
20185,8.273333333333333
20187,14.929999999999998
20189,9.775
20201,25.369444444444444
21001,4.5
21005,8.0
21007,6.550000000000001
21011,7.733333333333333
21013,7.1
21017,6.7
21019,9.027777777777777
21021,9.7
21027,6.783333333333332
21029,5.1000000000000005
21037,17.6
21039,3.5500000000000003
21041,17.7
21045,11.4
21049,5.05
21055,6.733333333333333
21057,2.7
21059,8.5
21061,2.6
21063,8.05
21065,6.183333333333334
21071,0.75
21075,3.7
21077,17.4
21079,3.9499999999999997
21087,4.5
21099,3.5500000000000003
21105,1.8500000000000003
21107,8.5
21109,6.55
21113,0.8
21115,7.1
21117,17.6
21119,5.516666666666667
21121,6.0
21123,6.025
21125,7.15
21127,8.644444444444444
21131,5.8999999999999995
21135,8.983333333333333
21137,7.1
21141,2.15
21143,5.0
21147,5.3999999999999995
21149,6.3
21153,7.1
21157,4.033333333333334
21159,5.758333333333333
21161,9.7
21163,4.575
21165,6.65
21167,8.0
21171,4.2
21177,4.6
21179,6.683333333333334
21181,7.1
21183,6.766666666666666
21185,9.55
21189,6.283333333333334
21199,7.35
21201,9.7
21207,4.25
21209,8.9
21211,9.55
21213,1.9500000000000002
21215,9.55
21217,11.4
21219,1.3
21221,4.5
21225,6.6000000000000005
21237,8.283333333333333
21239,8.9
22001,0.06000000000000001
22005,0.1
22027,0.08333333333333333
22047,0.08
22061,0.05
22089,0.03333333333333334
22091,0.13333333333333333
22093,0.03333333333333333
22111,0.07500000000000001
22121,0.15000000000000002
22125,0.1
23009,57.31428571428572
23027,64.86
24005,13.200000000000001
24009,5.6875
24011,5.6
24015,12.185
24019,4.633333333333333
24023,41.01833333333333
24025,11.226666666666667
24027,13.7125
24035,6.333333333333333
24039,3.9
24043,15.016666666666666
25003,47.455555555555556
25013,48.907777777777774
25019,11.9
25025,34.54666666666667
26005,44.90833333333333
26009,79.35833333333333
26011,59.975
26017,53.5625
26027,46.51111111111111
26035,69.275
26041,77.08333333333333
26053,93.824
26059,38.086666666666666
26061,93.05833333333334
26073,59.55
26075,50.025
26077,48.525
26083,92.14722222222223
26085,70.78333333333333
26093,51.00833333333333
26095,85.21428571428572
26105,62.8625
26109,76.5875
26111,53.6
26119,77.23333333333333
26123,62.7125
26133,70.675
26139,48.9
26151,45.416666666666664
26153,79.56666666666666
26159,48.666666666666664
26165,76.9
27001,89.25357142857142
27005,83.3
27007,90.58
27009,79.275
27037,63.1
27039,67.61666666666666
27041,80.325
27051,77.93333333333334
27057,91.0
27069,80.5
27081,69.875
27091,68.80416666666666
27095,80.8875
27097,84.05
27101,65.41666666666667
27107,78.8
27113,83.25
27117,65.38888888888889
27119,83.78333333333333
27121,75.65
27129,66.53571428571429
27133,66.53333333333333
27135,86.85
27143,61.525
27159,85.89999999999999
27163,70.625
27165,71.38333333333334
27167,79.19999999999999
28003,0.8250000000000001
28005,0.07500000000000001
28017,0.2733333333333333
28027,0.3
28037,0.10000000000000002
28039,0.0
28043,0.3333333333333333
28049,0.08333333333333333
28051,0.0
28055,0.0
28057,0.4041666666666667
28061,0.07333333333333333
28069,0.022222222222222223
28083,0.0
28091,0.1
28097,0.16666666666666666
28099,0.022222222222222223
28123,0.13999999999999999
28131,0.006666666666666666
28133,0.0
28135,0.16666666666666666
28141,0.75
28159,0.0
29001,28.566666666666666
29003,28.0
29005,32.9625
29007,15.4375
29011,10.333333333333334
29017,8.4
29021,24.700000000000003
29029,10.033333333333333
29031,5.066666666666666
29035,7.75
29039,11.75
29045,26.2125
29049,17.733333333333334
29051,14.5
29053,9.316666666666666
29055,14.37
29063,18.125
29067,7.112500000000001
29069,2.7800000000000002
29075,24.416666666666668
29079,24.45
29085,11.525
29087,31.933333333333337
29091,8.8
29093,10.75
29105,9.3875
29113,14.2
29119,5.45
29121,20.759999999999998
29125,13.299999999999999
29127,22.849999999999998
29129,27.7
29133,0.7
29135,5.2
29137,14.7
29139,17.175
29141,6.2
29143,3.0500000000000003
29149,4.2
29167,11.100000000000001
29173,14.1
29177,16.825000000000003
29179,7.775
29186,7.0
29203,6.65
29207,4.3
29209,9.1
29215,14.216666666666667
29219,15.3
29227,24.066666666666666
29510,15.241666666666667
30019,72.68333333333334
30035,50.349999999999994
30043,66.50416666666666
30045,50.975
30047,80.725
30055,58.90333333333333
30077,63.59375
30091,79.46111111111111
30093,62.78333333333333
30109,62.9
31009,38.7
31047,30.335
31075,41.15
31103,42.43214285714286
31117,34.675
31135,27.233333333333334
31171,41.25
31177,40.125
31183,38.94833333333334
32009,23.75555555555555
34003,18.8875
34015,9.626666666666667
34025,13.583333333333334
34029,11.8
34031,27.5
34033,8.55
34035,16.1125
34041,25.2
35023,0.31666666666666665
36005,19.966666666666665
36035,78.8
36037,50.25
36053,68.63333333333334
36057,65.19166666666666
36059,20.366666666666664
36073,49.45
36079,38.21666666666666
36085,13.575
36087,36.074999999999996
36093,56.75
36097,49.69166666666666
36099,51.675000000000004
36115,64.65833333333335
36117,51.45
36123,48.23333333333333
37015,1.5999999999999999
37017,0.44000000000000006
37029,0.85
37031,0.9400000000000001
37035,2.3
37043,2.2666666666666666
37053,1.35
37057,1.525
37059,2.9166666666666665
37063,1.4125
37067,3.62
37073,1.175
37075,3.5833333333333335
37079,1.125
37105,0.4
37121,9.6
37143,0.6
37167,0.9400000000000001
37177,0.525
37181,0.45
37185,2.12
38005,93.6
38007,66.8125
38013,82.72083333333333
38021,70.2
38027,88.2
38039,85.2
38041,56.18333333333334
38043,79.81666666666666
38045,80.60000000000001
38057,66.38333333333334
38063,88.58333333333333
38065,73.325
38069,93.0
38073,77.6
38075,87.52499999999999
38077,73.64166666666667
38081,69.5125
38083,82.625
38085,66.65416666666667
38087,59.75
38091,81.225
38095,94.8
38097,81.225
38103,85.2
39001,15.4
39005,35.05714285714286
39011,15.9
39013,19.366666666666667
39015,20.15
39019,31.450000000000003
39021,23.1625
39025,20.099999999999998
39029,34.3
39033,36.1
39037,19.5625
39041,30.029999999999994
39043,32.1
39045,18.369999999999997
39053,14.237499999999999
39057,21.46
39065,31.599999999999998
39069,29.59166666666667
39081,19.15
39085,49.85
39087,10.654166666666667
39091,28.9
39099,37.78333333333333
39107,15.9
39111,18.225
39115,16.175
39117,36.43333333333333
39119,21.183333333333334
39121,17.525
39123,28.8
39131,16.55
39141,15.280000000000001
39145,17.7
39149,12.95
39157,25.4
39175,34.46666666666667
40001,2.2625
40023,0.8099999999999999
40025,8.304166666666667
40029,0.325
40035,8.5875
40037,2.853333333333333
40041,5.675
40045,6.6499999999999995
40053,9.783333333333333
40061,1.4000000000000001
40063,0.5166666666666667
40073,5.075
40077,0.19999999999999998
40091,1.7333333333333334
40093,6.5699999999999985
40105,9.9
40107,1.35
40115,0.6
40123,1.8083333333333333
40129,2.783333333333333
40131,6.675
40141,1.4333333333333333
40145,4.6375
40147,7.133333333333333
41023,19.994999999999997
41025,21.886000000000003
41063,37.11
41069,14.3
42007,28.95
42025,29.55333333333333
42031,44.06666666666666
42057,24.15833333333333
42061,29.1125
42065,49.349999999999994
42067,23.3875
42069,40.166666666666664
42085,40.14666666666666
42093,25.375
42099,23.29444444444444
42127,48.21
42131,44.38333333333333
44001,24.55
45005,0.0
45011,0.06666666666666667
45017,0.29
45019,0.0
45025,0.2875
45043,0.2
45051,0.3333333333333333
45053,0.0
45057,0.33
45061,0.35000000000000003
45065,0.05
45067,0.30000000000000004
45069,0.3583333333333334
46025,69.58
46049,53.0875
46051,72.525
46075,45.2625
46087,61.4
46089,66.27666666666667
46091,71.375
46097,63.5611111111111
46101,63.199999999999996
46107,56.670833333333334
46113,43.75867346938776
46125,59.24166666666667
46127,50.4
47013,4.4625
47015,1.6
47023,1.4125
47027,0.75
47045,3.35
47057,3.1666666666666665
47061,2.0999999999999996
47067,5.1
47071,1.1
47081,0.4666666666666666
47083,0.15
47085,0.15
47091,11.77
47093,5.003333333333333
47095,4.550000000000001
47097,1.8
47099,0.5499999999999999
47101,0.15
47111,1.7833333333333334
47123,2.2166666666666663
47137,4.875
47139,1.5333333333333332
47161,1.9249999999999998
47169,1.9166666666666667
47173,7.1
47175,4.55
47179,5.0375
48011,6.608333333333333
48041,0.008333333333333333
48065,7.208333333333333
48095,0.6375000000000001
48097,0.13333333333333333
48105,0.30238095238095236
48119,0.5625
48145,0.0
48173,0.8472222222222223
48181,0.71
48193,0.07333333333333333
48211,5.15
48213,0.01
48223,0.325
48225,0.05
48237,0.15416666666666667
48277,0.7250000000000001
48301,0.9722222222222222
48319,0.1375
48327,0.4375
48335,0.6583333333333333
48343,0.54
48365,0.13333333333333333
48367,0.19791666666666666
48393,5.416666666666667
48401,0.2
48407,0.0
48421,4.783333333333334
48423,0.45
48435,0.125
48455,0.0
48459,0.325
48467,0.125
48473,0.0
48495,0.6277777777777778
48503,0.5166666666666667
49021,43.686011904761905
49029,73.76666666666667
49031,39.61111111111111
50017,79.43333333333334
51017,24.995
51033,5.133333333333333
51035,10.577777777777778
51036,5.5
51041,4.0
51043,13.9
51045,11.456666666666667
51047,13.066666666666668
51049,6.033333333333334
51053,3.775
51057,4.75
51073,3.6666666666666665
51079,11.366666666666667
51081,2.6833333333333336
51089,4.833333333333333
51093,1.7
51095,3.25
51103,5.5
51111,2.075
51113,11.566666666666668
51119,4.666666666666667
51125,8.2
51127,5.225
51131,3.05
51133,4.675
51135,5.1
51145,5.7
51147,4.583333333333333
51149,1.5250000000000001
51153,9.283333333333333
51169,6.3100000000000005
51175,2.8625
51177,8.4
51179,13.1
51181,2.45
51191,6.5625
51193,5.75
51510,6.566666666666666
51515,4.85
51540,8.299999999999999
51550,2.2
51600,7.75
51610,7.75
51660,14.5
51700,2.2333333333333334
51710,2.6
51720,10.4
51735,2.5
51740,2.1
51750,13.0
51760,5.5
51775,8.5
51820,19.6
51830,2.5
53003,28.2
53005,24.225
53013,19.03333333333333
53023,28.2
53025,49.9
53037,31.883928571428573
54003,20.8
54005,15.080000000000002
54009,19.3
54013,20.099999999999998
54015,24.46666666666667
54019,24.55
54029,25.1
54031,27.54
54037,13.9
54047,18.805555555555557
54049,24.0
54051,20.733333333333334
54053,12.483333333333334
54059,9.936111111111112
54061,31.133333333333336
54065,21.6
54071,35.59166666666667
54073,21.2
54079,14.233333333333334
54085,20.599999999999998
54103,21.375
54105,17.299999999999997
54107,15.6
55078,71.35
55091,67.01666666666667
55093,67.03333333333333
55099,87.5304761904762
01001,0.1
01003,0.09999999999999999
01005,0.0
01007,0.0
01011,0.4
01013,0.0
01015,0.0
01021,0.0
01023,0.0
01025,0.0
01027,0.2
01029,0.0
01031,0.0
01035,0.0
01039,0.0
01043,0.30000000000000004
01047,0.05
01049,0.9500000000000001
01051,0.0
01053,0.0
01055,0.15000000000000002
01057,0.1
01059,0.4
01061,0.0
01063,0.0
01065,0.03333333333333333
01067,0.0
01071,0.0
01073,0.08
01075,0.0
01081,0.0
01083,0.44999999999999996
01085,0.0
01087,0.0
01089,1.0
01091,0.1
01093,0.1
01095,0.15
01097,0.0
01099,0.0
01109,0.0
01113,0.0
01121,0.06666666666666667
01123,0.05
01125,0.025
01127,0.0
01131,0.0
01133,0.0
02013,47.6
02016,49.95
02020,94.93333333333334
02050,90.5
02060,63.3
02063,89.28
02066,98.3
02068,99.3
02090,99.95833333333333
02100,92.5
02105,64.23333333333333
02110,52.56666666666666
02122,96.55
02150,38.666666666666664
02164,75.0
02170,91.53333333333335
02180,97.6
02185,99.96666666666665
02188,99.0
02195,50.6
02198,23.15
02220,47.5
02230,48.8
02240,97.83333333333333
02282,78.0
02290,99.925
04001,11.940000000000001
04003,0.7000000000000001
04005,37.614285714285714
04007,1.3199999999999998
04009,0.0
04011,0.0
04012,0.0
04013,0.0
04015,3.325
04017,16.04
04019,0.2285714285714286
04021,0.0
04023,0.0
04025,0.9833333333333334
04027,0.0
05001,0.2333333333333333
05003,0.0
05005,0.6
05007,6.6
05009,1.7000000000000002
05011,0.0
05013,0.0
05017,0.0
05019,0.4
05021,2.55
05023,0.9
05029,1.5333333333333332
05031,2.1
05033,1.65
05035,1.0
05037,1.2
05039,0.0
05041,0.2
05043,0.0
05045,1.1
05049,4.0
05051,0.03333333333333333
05053,0.2
05055,1.7
05057,1.6
05059,0.15
05061,1.25
05063,1.4
05065,3.0
05067,1.2
05069,0.8
05071,0.9
05075,0.8
05081,0.5
05083,1.9
05085,0.75
05087,6.9
05093,1.4
05095,0.5
05097,1.0833333333333333
05099,1.1
05101,13.3
05105,0.5
05107,0.7
05109,0.19999999999999998
05113,0.3
05115,1.0
05117,1.1
05119,1.5
05121,4.3
05123,1.0
05125,0.26666666666666666
05127,0.5666666666666668
05129,1.45
05131,1.3
05133,1.2
05135,1.7
05137,4.3
05141,3.0
05143,3.4
05145,0.8
05147,0.7
05149,1.3
06001,0.0
06005,0.0
06007,0.05
06009,0.0
06011,0.0
06013,0.02
06015,0.0
06017,40.9
06019,0.13999999999999999
06021,0.0
06023,0.25
06025,0.0
06027,0.0
06029,0.10909090909090909
06031,0.0
06033,0.0
06035,16.4
06037,0.018518518518518517
06039,0.0
06041,0.0
06043,0.0
06045,0.08
06047,0.0
06049,28.299999999999997
06051,64.69999999999999
06053,0.0
06055,0.0
06057,34.08
06059,0.0
06061,28.100000000000005
06063,34.72
06065,0.0
06067,0.0
06069,0.03333333333333333
06071,0.19090909090909092
06073,0.18571428571428572
06075,0.0
06077,0.0
06079,0.0
06081,0.0
06083,0.0
06085,1.44
06087,0.0
06089,5.333333333333333
06091,17.0
06093,20.666666666666664
06095,0.0
06097,0.0
06099,0.0
06101,0.0
06105,3.4
06107,23.514285714285716
06109,16.32
06111,0.0
06113,0.0
06115,18.55
08001,33.199999999999996
08003,49.7
08009,15.6
08011,9.15
08013,60.35
08015,37.5
08017,14.219999999999999
08019,84.35
08025,3.7
08027,52.5
08031,28.46666666666667
08035,58.56666666666666
08039,40.7
08041,43.800000000000004
08043,45.9
08045,64.1
08049,94.62
08051,91.775
08053,77.3
08055,32.1
08057,82.4
08059,50.93333333333333
08061,13.350000000000001
08063,20.8
08065,99.9
08067,72.2
08069,53.26666666666667
08071,29.0
08073,20.049999999999997
08075,35.06666666666667
08077,40.300000000000004
08081,78.7
08083,53.53333333333333
08085,38.2
08087,28.75
08089,18.025
08091,87.03333333333335
08093,71.3
08095,28.9
08097,99.3
08099,15.95
08101,27.375
08103,70.19999999999999
08105,54.35
08107,96.26666666666667
08109,68.0
08113,94.0
08115,25.200000000000003
08117,93.5
08121,31.96666666666667
08123,39.2
08125,29.24
09001,28.65
09003,27.2
09005,49.550000000000004
09011,20.65
09015,28.3
10001,5.4
10003,8.0
10005,6.1
11001,4.05
12001,0.0
12003,0.0
12005,0.0
12009,0.0
12011,0.0
12015,0.0
12017,0.0
12021,0.0
12023,0.0
12027,0.0
12029,0.0
12031,0.0
12037,0.0
12043,0.0
12045,0.0
12047,0.0
12049,0.0
12051,0.0
12053,0.0
12055,0.0
12057,0.0
12061,0.0
12065,0.0
12069,0.0
12073,0.0
12075,0.0
12079,0.0
12081,0.0
12083,0.0
12085,0.0
12086,0.0
12087,0.0
12089,0.0
12091,0.0
12093,0.0
12095,0.0
12097,0.0
12099,0.0
12101,0.0
12103,0.0
12105,0.0
12107,0.0
12109,0.0
12111,0.0
12113,0.0
12115,0.0
12117,0.0
12121,0.0
12123,0.0
12127,0.0
12131,0.0
12133,0.0
13001,0.0
13005,0.0
13009,0.0
13011,0.0
13015,0.275
13017,0.0
13033,0.0
13037,0.0
13039,0.0
13045,0.4
13047,0.0
13049,0.0
13051,0.0
13055,0.0
13057,1.3
13059,0.4
13063,0.75
13065,0.0
13067,1.35
13069,0.0
13071,0.0
13077,1.3
13081,0.0
13095,0.0
13105,0.1
13107,0.0
13115,0.1
13117,0.1
13119,0.1
13123,3.2
13125,0.2
13127,0.0
13129,0.0
13131,0.0
13137,0.55
13139,0.5
13147,0.2
13153,0.0
13159,0.0
13161,0.0
13163,0.0
13169,0.0
13175,0.0
13179,0.0
13181,0.0
13187,2.9
13191,0.0
13193,0.0
13195,1.4
13197,0.0
13199,0.0
13205,0.0
13215,0.3
13217,1.2
13219,0.0
13221,0.3
13223,1.3
13227,1.0
13229,0.0
13235,0.0
13241,1.7
13243,0.0
13245,0.4
13257,0.6
13259,0.0
13261,0.0
13263,0.2
13267,0.0
13273,0.0
13277,0.0
13285,0.1
13291,0.4
13293,0.0
13295,0.0
13303,0.0
13307,0.0
13311,1.8
13315,0.0
13317,0.5
13319,0.0
13321,0.0
15001,0.0
15003,0.0
15007,0.0
15009,0.0
16001,40.53333333333333
16005,57.5
16007,85.1
16009,56.8
16011,59.099999999999994
16013,71.3
16015,89.75
16017,79.55000000000001
16019,88.1
16021,65.1
16023,82.9
16027,13.4
16033,87.4
16035,67.7
16037,77.15
16043,90.8
16045,21.3
16049,45.825
16051,66.6
16057,49.0
16059,60.2
16061,42.2
16063,56.8
16069,11.4
16073,49.5
16077,51.1
16085,90.39999999999999
17001,30.1
17007,44.4
17009,23.2
17011,34.9
17015,47.6
17017,26.1
17019,25.96666666666667
17021,18.15
17023,20.4
17025,10.5
17027,13.6
17029,20.200000000000003
17031,40.916666666666664
17037,44.05
17041,21.0
17043,36.85
17045,22.4
17049,18.4
17051,21.3
17053,28.3
17061,18.25
17063,29.2
17065,17.7
17067,32.15
17069,7.2
17073,35.0
17075,29.3
17079,19.3
17081,13.75
17083,16.6
17085,47.06666666666666
17089,37.1
17091,28.925
17095,33.199999999999996
17097,44.75
17099,34.9
17101,18.0
17103,37.85
17105,23.46
17107,20.9
17109,22.4
17111,40.53333333333333
17113,25.85
17117,18.666666666666668
17119,16.8
17121,19.433333333333334
17123,31.3
17125,20.1
17127,9.1
17129,17.7
17137,19.8
17143,29.45
17145,16.5
17147,25.7
17149,26.15
17153,7.2
17157,5.2
17159,13.9
17163,14.933333333333332
17167,22.4
17173,19.1
17177,45.1
17179,25.85
17181,11.1
17183,23.599999999999998
17187,25.7
17189,15.9
17195,37.43333333333333
17197,31.425
17201,48.3
17203,32.36666666666667
18001,29.799999999999997
18003,30.9
18005,17.1
18009,34.3
18011,24.4
18013,29.5
18015,21.299999999999997
18017,30.9
18021,22.3
18023,24.4
18027,11.05
18031,20.5
18033,32.05
18039,36.349999999999994
18045,29.9
18047,24.4
18053,23.8
18059,26.7
18065,28.2
18067,30.9
18069,28.0
18073,34.1
18079,14.1
18081,19.4
18083,15.35
18085,33.45
18089,28.2
18091,42.76666666666667
18093,12.9
18095,25.0
18097,26.7
18099,41.9
18101,15.7
18103,22.5
18105,20.6
18107,25.4
18109,18.4
18111,28.3
18119,20.2
18121,23.5
18123,8.5
18127,37.8
18131,32.1
18133,24.5
18135,28.4
18139,25.2
18141,42.2
18145,15.7
18149,28.299999999999997
18151,39.8
18153,22.8
18155,17.7
18157,29.4
18161,29.6
18163,13.25
18165,24.4
18169,32.0
18171,18.6
18173,11.1
18175,12.3
18179,29.4
18181,30.2
19001,40.1
19005,57.1
19011,43.599999999999994
19013,49.6
19015,46.5
19019,49.7
19021,63.9
19023,40.0
19025,57.4
19031,46.1
19033,60.5
19035,52.6
19037,51.55
19039,33.9
19041,61.4
19043,52.1
19045,43.8
19047,40.6
19051,34.5
19053,35.3
19055,50.1
19057,27.1
19059,63.03333333333333
19061,51.26666666666667
19065,59.25
19067,61.3
19071,36.2
19073,48.2
19075,52.1
19077,48.6
19079,52.95
19081,58.9
19083,53.55
19085,47.25
19087,31.3
19089,59.2
19093,50.9
19095,42.1
19097,47.45
19101,33.8
19103,40.650000000000006
19109,67.5
19111,31.650000000000002
19113,44.05
19115,43.5
19117,31.1
19119,69.9
19121,43.7
19127,48.6
19129,31.85
19131,62.35
19133,45.225
19135,32.4
19137,36.7
19139,35.75
19141,67.25
19143,70.95
19145,36.55
19147,58.7
19153,39.666666666666664
19155,38.85
19157,44.95
19159,35.55
19161,50.5
19165,43.9
19167,47.3
19169,44.4
19171,43.4
19173,21.4
19179,25.6
19181,39.5
19183,36.400000000000006
19189,69.4
19191,54.8
19193,48.8
20001,9.9
20003,12.9
20005,20.3
20007,4.3
20009,18.8
20013,25.1
20015,8.983333333333333
20017,6.0
20019,8.966666666666667
20021,9.8
20023,10.7
20025,8.0
20027,20.1
20029,24.0
20031,9.35
20033,6.0
20035,8.666666666666666
20037,3.6
20039,15.733333333333333
20041,17.2
20043,29.6
20045,11.0
20047,6.3
20049,8.9
20051,12.0
20053,16.366666666666667
20055,14.65
20057,14.933333333333332
20063,25.133333333333336
20065,16.033333333333335
20067,13.7
20069,16.75
20071,22.2
20073,7.625
20075,15.0
20077,8.5
20079,9.8
20081,15.3
20083,12.6
20087,14.3
20089,29.525
20093,14.7
20095,5.6
20099,9.425
20101,24.7
20103,19.5
20105,20.8
20107,18.7
20109,18.5
20113,12.44
20115,6.6
20117,20.2
20119,11.1
20123,18.266666666666666
20125,9.9
20127,18.4
20129,15.299999999999999
20131,28.1
20133,8.95
20135,11.65
20137,24.125
20141,20.400000000000002
20143,24.3
20145,8.1
20147,22.400000000000002
20149,19.95
20151,6.9
20153,17.166666666666668
20155,9.066666666666666
20159,11.0
20161,22.549999999999997
20163,20.666666666666668
20165,15.575
20167,11.7
20169,9.0
20171,25.4
20173,8.266666666666666
20175,7.5
20177,18.299999999999997
20179,11.8
20181,14.399999999999999
20183,21.049999999999997
20191,8.533333333333333
20193,16.76666666666667
20195,21.25
20197,22.433333333333334
20199,17.05
20203,16.5
20205,10.6
20207,7.8
20209,17.6
21003,4.2
21009,3.9
21015,17.4
21025,14.7
21031,0.6
21033,2.8
21035,4.4
21043,8.066666666666666
21047,4.6
21051,4.8
21053,0.9
21067,8.9
21069,9.7
21083,1.2
21085,5.5
21089,8.25
21091,14.2
21093,0.65
21095,10.6
21101,0.2
21111,9.55
21129,11.75
21133,13.5
21139,5.0
21145,5.9
21151,0.8
21155,11.4
21169,4.5
21173,4.5
21175,7.1
21193,2.3
21195,0.75
21197,6.0
21203,7.1
21205,9.0
21227,1.7
21229,8.0
21231,7.6
21233,12.4
21235,7.2
22003,0.2
22007,0.1
22009,0.0
22011,0.0
22013,0.16666666666666666
22015,0.0
22017,0.0
22019,0.0
22021,0.0
22023,0.05
22025,0.0
22029,0.0
22031,0.0
22033,0.1
22035,0.0
22037,0.1
22039,0.0
22041,0.1
22043,0.3
22045,0.0
22049,0.0
22051,0.0
22053,0.1
22055,0.0
22057,0.0
22059,0.0
22063,0.2
22065,0.1
22067,0.05
22069,0.0
22071,0.1
22073,0.1
22075,0.0
22077,0.2
22079,0.014285714285714287
22081,0.3
22083,0.3
22085,0.0
22087,0.0
22095,0.0
22097,0.2
22099,0.0
22101,0.0
22103,0.06666666666666667
22105,0.10000000000000002
22107,0.1
22109,0.0
22113,0.0
22115,0.1
22117,0.1
22119,0.0
22123,0.0
22127,0.5
23001,72.45
23003,88.39999999999999
23005,62.02
23007,85.58333333333333
23011,67.85
23013,39.5
23015,59.6
23017,83.73333333333333
23019,68.5
23021,82.425
23023,56.9
23025,88.85000000000001
23029,63.94285714285714
23031,55.675
24001,37.2
24003,7.1
24013,18.3
24017,4.1
24021,12.4
24029,6.8
24031,16.6
24033,7.55
24037,6.0
24041,5.1
24045,2.8
24047,2.95
25001,9.0
25005,26.1
25007,11.9
25009,35.45
25011,60.2
25015,51.93333333333334
25017,44.9
25021,36.62
25023,22.12
25027,45.239999999999995
26001,58.0
26003,89.2
26007,68.19999999999999
26013,96.85
26015,55.2
26019,71.15
26021,46.53333333333333
26023,42.1
26025,46.0
26029,76.39999999999999
26031,73.7
26033,84.72857142857143
26037,50.5
26039,82.5
26043,84.2
26045,58.9
26047,77.5
26049,47.8
26051,62.1
26055,70.8
26057,53.0
26063,57.3
26065,58.4
26067,61.1
26069,53.8
26071,89.7
26079,85.45
26081,54.5
26087,45.6
26089,76.60000000000001
26091,36.63333333333333
26097,85.7
26099,36.7
26101,76.0
26103,91.77499999999999
26107,66.0
26113,75.35
26115,38.8
26117,57.1
26121,57.4
26125,46.56666666666666
26127,70.35
26129,66.7
26131,97.7
26135,75.8
26137,84.39999999999999
26141,78.8
26143,73.65
26145,45.7
26147,41.5
26149,50.8
26155,52.9
26157,49.15
26161,46.166666666666664
26163,36.166666666666664
27003,81.33333333333333
27011,71.5
27013,69.05
27015,68.45
27017,91.9
27019,70.25
27021,91.0
27023,75.1
27025,78.8
27027,80.0
27031,86.96666666666665
27033,78.4
27035,85.9
27043,71.36666666666666
27045,70.3
27047,65.2
27049,62.3
27053,76.19999999999999
27055,63.7
27059,75.4
27061,93.2
27063,67.3
27065,82.9
27067,70.9
27071,95.0
27073,64.8
27075,97.05000000000001
27077,97.9
27079,64.6
27083,66.8
27085,70.2
27089,75.8
27093,65.5
27099,66.35
27103,53.0
27105,68.7
27109,68.23333333333333
27111,86.6
27115,87.2
27123,47.9
27125,90.7
27127,60.75
27131,70.8
27137,92.675
27139,58.3
27141,79.35
27145,79.2
27147,70.4
27149,75.4
27151,77.1
27153,80.1
27155,71.8
27157,63.46666666666667
27161,72.4
27169,64.9
27171,70.7
27173,70.3
28001,0.1
28007,0.0
28009,1.2
28011,0.0
28013,0.45
28015,0.0
28019,0.0
28021,0.0
28023,0.1
28025,0.0
28029,0.1
28031,0.1
28033,1.55
28035,0.2
28041,0.0
28045,0.0
28047,0.03333333333333333
28053,0.0
28059,0.0
28063,0.1
28065,0.0
28067,0.0
28071,0.44999999999999996
28073,0.2
28075,0.06666666666666667
28077,0.1
28079,0.0
28081,0.4166666666666667
28085,0.1
28087,0.0
28089,0.0
28093,0.9
28095,0.0
28101,0.0
28103,0.0
28105,0.0
28107,0.0
28109,0.0
28111,0.0
28113,0.0
28115,0.44999999999999996
28117,1.1
28119,0.0
28121,0.4
28125,0.0
28127,0.0
28129,0.3
28137,1.15
28139,0.0
28143,0.9
28145,0.5
28147,0.2
28149,0.0
28151,0.0
28153,0.0
28155,0.5
28157,0.1
28161,0.5
28163,0.0
29009,10.3
29013,8.3
29015,12.2
29019,16.35
29023,3.3
29025,13.8
29027,21.6
29033,9.35
29037,17.8
29041,17.4
29043,15.8
29047,19.6
29057,13.3
29059,10.8
29061,22.45
29065,6.65
29071,16.9
29073,16.3
29077,8.05
29081,22.8
29083,11.9
29089,11.1
29095,20.8
29097,8.0
29099,8.9
29101,14.5
29103,27.0
29107,17.55
29109,3.3
29111,22.7
29115,30.0
29117,16.8
29123,12.9
29131,5.2
29145,0.6
29147,28.0
29151,16.7
29153,8.8
29155,5.4
29157,3.4
29159,7.2
29161,17.2
29163,14.1
29165,19.8
29169,14.1
29171,32.1
29175,9.7
29181,6.6
29183,14.3
29185,12.25
29187,10.5
29189,15.55
29195,9.65
29197,30.6
29199,23.5
29201,0.7
29205,19.7
29211,28.2
29213,7.0
29217,9.7
29221,14.8
29223,8.9
29225,1.3
29229,11.35
30001,82.5
30003,44.26666666666667
30005,62.1
30007,43.4
30009,73.15
30011,51.849999999999994
30013,44.375
30015,44.3
30017,51.349999999999994
30021,58.2
30023,78.9
30025,63.4
30027,47.6
30029,80.375
30031,95.4
30033,46.1
30037,45.6
30039,52.5
30041,50.0
30049,45.05
30051,44.8
30053,79.46666666666667
30057,46.666666666666664
30059,84.6
30061,70.7
30063,76.45
30065,38.43333333333334
30067,57.333333333333336
30069,43.8
30071,45.5
30073,59.8
30075,38.4
30079,36.9
30081,57.449999999999996
30083,66.15
30085,78.3
30087,53.125
30089,85.0
30095,53.0
30097,45.3
30099,39.0
30101,40.9
30103,40.9
30105,67.06666666666666
30107,27.4
30111,46.62
31001,32.1
31003,49.8
31005,38.4
31007,45.4
31011,42.35
31013,53.6
31015,35.6
31017,38.8
31019,28.166666666666668
31021,41.45
31023,42.6
31025,31.8
31027,48.2
31029,29.4
31031,38.150000000000006
31033,30.049999999999997
31035,28.55
31037,39.7
31039,42.5
31041,36.95
31043,33.4
31045,48.9
31049,25.8
31051,50.7
31053,45.8
31055,34.4
31057,28.5
31059,32.55
31061,25.25
31063,28.825
31065,29.625
31067,31.066666666666666
31069,35.55
31071,44.3
31073,26.9
31077,31.15
31079,32.1
31081,34.6
31083,32.35
31085,29.9
31087,25.2
31089,42.175
31091,45.8
31093,31.7
31095,26.5
31097,28.05
31099,36.5
31101,23.0
31105,33.2
31107,53.2
31109,33.95
31111,30.1
31113,39.8
31115,39.8
31119,41.25
31121,36.0
31123,23.6
31125,37.0
31127,35.6
31129,28.266666666666666
31131,31.7
31133,28.9
31137,28.9
31139,48.1
31141,32.3
31143,36.733333333333334
31145,25.1
31147,32.2
31149,50.1
31151,29.0
31153,37.6
31155,34.925
31157,35.599999999999994
31159,34.900000000000006
31161,45.099999999999994
31163,34.3
31165,37.1
31167,43.1
31169,27.900000000000002
31173,45.3
31175,34.76666666666667
31179,49.300000000000004
31181,29.65
31185,34.26666666666667
32001,1.9
32003,4.583333333333333
32005,15.1
32007,64.14
32011,31.4
32013,25.35
32015,23.7
32017,2.2
32019,3.5
32021,0.0
32023,6.566666666666666
32027,8.85
32029,39.5
32031,11.28
32033,38.63333333333333
32510,9.3
33001,67.25
33003,78.65
33005,67.975
33007,86.47777777777777
33009,75.26
33011,57.08
33013,63.400000000000006
33015,52.425
33017,40.5
33019,72.8
34001,7.933333333333334
34005,11.8
34007,10.9
34009,7.1
34011,9.1
34013,14.1
34017,13.7
34019,13.6
34021,12.1
34023,16.5
34027,20.6
34037,37.7
34039,15.25
35001,8.733333333333333
35003,22.866666666666664
35005,4.866666666666667
35006,14.300000000000002
35007,7.300000000000001
35009,7.666666666666667
35011,7.3
35013,1.0999999999999999
35015,1.7400000000000002
35017,0.7
35019,6.5
35021,14.133333333333335
35025,2.0666666666666664
35027,12.05
35028,50.9
35029,0.25
35031,20.8
35033,15.766666666666666
35035,6.699999999999999
35037,10.879999999999999
35039,24.419999999999998
35041,6.050000000000001
35043,20.075000000000003
35045,5.64
35047,5.25
35049,23.46666666666667
35051,1.3499999999999999
35053,1.6666666666666667
35055,53.45
35057,15.125
35059,14.716666666666667
35061,1.9
36001,45.3
36003,59.120000000000005
36007,57.1
36009,65.8
36011,57.7
36013,68.15
36015,40.45
36017,58.05
36019,80.5
36021,21.8
36023,80.2
36025,50.6
36027,42.5
36029,61.1
36031,88.8
36033,76.7
36039,64.5
36041,88.5
36043,85.8
36045,67.5
36047,10.4
36049,85.86666666666667
36051,48.6
36055,50.7
36061,13.2
36063,48.2
36065,84.6
36067,56.3
36069,52.2
36071,37.599999999999994
36075,60.6
36077,61.46666666666667
36081,12.15
36083,47.4
36089,70.0
36091,62.1
36095,51.4
36101,48.23333333333333
36103,14.399999999999999
36105,61.05
36107,48.8
36109,51.150000000000006
36111,51.2
36113,81.8
36119,34.55
36121,53.5
37001,1.5
37003,1.5
37005,7.5
37007,1.0
37009,6.0
37011,23.8
37013,0.46666666666666673
37019,0.0
37021,8.540000000000001
37023,2.2
37025,2.1
37027,1.65
37033,4.4
37037,0.0
37039,2.7
37041,0.3
37045,1.5499999999999998
37047,0.3
37049,0.6
37051,0.3
37055,0.0
37061,0.0
37065,0.55
37069,1.1
37071,0.7
37077,0.0
37081,2.0
37083,0.0
37085,0.4
37087,5.300000000000001
37089,3.35
37091,2.7
37093,2.2
37095,0.9
37097,1.8499999999999999
37099,4.1
37101,0.5
37103,2.1
37107,0.6
37109,3.5
37111,1.6
37113,3.6999999999999997
37115,8.100000000000001
37117,0.8
37119,1.4
37123,0.2
37125,0.4
37127,0.0
37129,0.0
37131,4.6
37133,0.0
37135,0.0
37137,1.1
37139,0.0
37141,0.3
37145,3.1
37147,1.9
37149,2.8
37151,2.4
37153,0.0
37155,0.3
37157,3.3
37159,1.5
37161,1.4
37163,1.0
37165,0.8
37169,4.0
37171,3.4000000000000004
37173,2.7
37175,4.775
37179,0.9
37183,2.55
37187,1.2
37189,16.1
37191,1.4
37193,5.1
37195,0.6
37197,5.4
37199,24.4
38001,43.5
38003,77.9
38009,93.4
38011,67.1
38015,71.3
38017,77.6
38019,96.0
38023,82.15
38025,66.7
38029,70.55
38031,88.2
38033,75.9
38035,84.85
38037,59.86666666666667
38047,86.7
38049,92.6
38051,72.9
38053,72.15
38055,72.65
38059,74.0
38061,88.35
38067,85.2
38071,93.6
38089,52.5
38093,82.2
38099,87.3
38101,82.44999999999999
38105,77.93333333333334
39003,15.6
39007,51.1
39009,14.9
39017,12.0
39023,27.3
39027,24.9
39031,21.0
39035,39.7
39039,30.9
39047,18.3
39049,22.3
39051,31.1
39055,60.0
39059,19.8
39061,17.6
39063,28.4
39067,24.8
39071,15.4
39073,8.9
39075,23.3
39077,32.4
39079,17.7
39083,34.8
39089,26.65
39093,36.6
39095,31.1
39097,23.5
39101,37.5
39103,44.7
39105,15.85
39109,12.95
39113,22.799999999999997
39125,27.75
39127,17.1
39129,16.9
39133,45.8
39135,14.1
39137,24.349999999999998
39139,37.0
39143,27.3
39147,37.5
39151,38.1
39153,34.4
39155,36.733333333333334
39159,28.9
39161,15.9
39163,17.5
39165,17.8
39167,15.25
39169,36.6
39171,34.6
39173,28.0
40003,11.3
40005,1.2
40007,17.4
40009,5.3500000000000005
40011,1.6
40013,0.4
40015,1.0
40017,1.5
40019,1.8
40021,3.6
40027,2.4
40031,0.75
40033,0.7000000000000001
40039,4.0
40043,4.1499999999999995
40047,9.6
40049,1.2666666666666666
40051,1.0666666666666667
40055,1.7
40057,2.6
40059,10.7
40065,3.9
40067,0.6
40069,0.65
40071,9.7
40075,0.4666666666666666
40079,0.0
40081,2.0666666666666664
40083,4.2
40085,1.5
40087,4.5
40089,1.44
40095,0.35
40097,7.75
40099,1.1
40101,5.2
40103,2.5
40109,5.0
40111,0.0
40113,5.9
40117,5.3500000000000005
40119,1.25
40121,0.0
40125,2.3000000000000003
40127,0.6
40133,1.0333333333333334
40135,0.4
40137,2.1
40139,1.0
40143,5.6
40149,4.15
40151,8.6
40153,8.9
41001,86.45
41003,2.1999999999999997
41005,20.499999999999996
41007,0.0
41009,4.0
41011,0.15999999999999998
41013,22.900000000000002
41015,0.0
41017,45.25
41019,10.746153846153845
41021,9.8
41027,35.85
41029,17.04285714285714
41031,7.2
41033,2.6
41035,70.13333333333334
41037,10.4
41039,1.28
41041,0.225
41043,18.75
41045,19.6
41047,5.566666666666666
41049,15.6
41051,3.8333333333333335
41053,0.6
41055,27.7
41057,0.1
41059,16.275
41061,25.6
41065,24.6
41067,3.0999999999999996
41071,5.8
42001,18.55
42003,21.8
42005,37.2
42009,22.666666666666668
42011,16.95
42013,30.875
42015,33.150000000000006
42017,10.5
42019,38.4
42021,48.0
42023,40.36666666666667
42027,39.625
42029,17.375
42033,53.4
42035,27.9
42037,32.0
42039,54.599999999999994
42041,19.099999999999998
42043,19.433333333333334
42045,9.3
42047,53.9
42049,56.1
42051,30.725
42053,53.3
42055,25.65
42059,23.6
42063,36.8
42071,12.379999999999999
42073,30.5
42075,17.3
42077,19.0
42079,35.4
42081,25.950000000000003
42083,61.7
42087,20.3
42089,32.6
42091,10.15
42095,24.6
42097,24.799999999999997
42101,10.9
42103,44.3
42105,57.300000000000004
42107,36.166666666666664
42109,22.8
42111,48.06666666666666
42113,45.25
42115,52.5
42117,47.12
42119,24.7
42121,40.5
42123,59.2
42125,25.1
42129,24.900000000000002
42133,14.5
44003,16.8
44005,17.5
44007,39.35
44009,21.3
45001,0.15
45003,0.2
45007,0.55
45009,0.0
45013,0.0
45015,0.0
45021,1.3
45023,0.2
45027,0.5
45029,0.0
45031,0.25
45033,0.4
45035,0.0
45037,0.0
45039,0.0
45041,0.4
45045,3.1
45047,0.0
45049,0.0
45055,0.0
45059,0.4
45063,0.3
45071,0.4
45073,1.3666666666666665
45075,0.0
45077,0.65
45079,0.0
45081,0.0
45083,1.05
45085,0.65
45087,0.4
45089,0.2
45091,0.55
46003,45.2
46005,62.6
46007,40.9
46009,51.8
46011,65.0
46013,67.5
46015,54.4
46017,67.8
46019,48.15
46021,64.7
46023,52.93333333333334
46027,57.8
46029,73.8
46031,62.2
46033,44.1
46035,73.5
46037,75.1
46039,77.4
46041,53.05
46043,47.3
46045,66.25
46047,45.975
46053,40.3
46055,54.85
46057,65.05
46059,49.4
46061,56.6
46063,51.06666666666666
46065,56.05
46067,59.6
46069,31.7
46071,41.45
46073,55.1
46077,68.94999999999999
46079,60.23333333333333
46081,64.0
46083,64.4
46085,39.2
46093,46.45
46095,48.5
46099,64.36666666666666
46103,39.885714285714286
46105,58.5
46109,71.525
46111,61.5
46115,65.0
46117,51.9
46119,68.7
46121,45.599999999999994
46123,41.9
46129,60.03333333333333
46135,48.6
46137,56.05
47001,2.1500000000000004
47003,0.3
47005,0.9
47007,1.3
47009,4.35
47011,0.7
47017,1.7
47019,6.1
47021,0.3
47025,7.1
47029,2.8
47031,1.0
47033,1.8
47035,12.4
47037,0.8666666666666667
47039,2.2
47041,1.7
47043,0.3
47047,2.0
47049,10.1
47051,2.3
47053,2.5
47055,1.2
47059,5.0
47063,4.3
47065,1.2
47069,1.1
47073,4.4
47075,1.9
47077,1.1
47079,2.2
47087,1.1
47089,0.8
47103,0.3
47105,1.1
47107,1.2
47109,1.1
47113,2.35
47115,2.3
47117,2.3
47119,0.45
47121,1.9
47125,0.0
47127,0.8
47129,3.6
47131,3.7
47133,0.4
47135,0.0
47141,9.7
47143,0.8
47145,0.2
47147,2.6
47149,1.2
47151,1.4
47153,1.2
47155,18.566666666666666
47157,1.5666666666666667
47159,2.7
47163,4.449999999999999
47165,1.55
47167,1.7
47171,6.3
47177,2.6
47181,0.0
47183,0.65
47185,2.0
47187,0.95
47189,1.5
48001,0.0
48003,0.6
48005,0.15
48007,0.0
48009,0.6666666666666666
48013,0.025
48015,0.0
48017,6.0
48019,0.05
48021,0.03333333333333333
48023,1.6
48025,0.0
48027,0.0
48029,0.06666666666666667
48031,0.10000000000000002
48033,0.6
48035,0.0
48037,0.9500000000000001
48039,0.0
48043,0.6875
48045,4.2
48047,0.0
48049,0.8
48051,0.0
48053,0.0
48055,0.03333333333333333
48057,0.0
48059,1.7
48061,0.13333333333333333
48063,0.6
48067,0.4
48069,5.95
48071,0.0
48073,0.05
48075,3.75
48077,0.15
48079,2.8
48081,0.3666666666666667
48083,0.85
48085,1.05
48087,0.9
48089,0.0
48091,0.02
48093,0.0
48099,0.0
48101,1.95
48103,0.7
48107,2.1
48109,1.3
48111,2.2
48113,0.5
48115,0.6
48117,12.4
48121,0.0
48123,0.06666666666666667
48125,2.0999999999999996
48127,0.0
48129,2.4
48131,0.0
48133,0.95
48135,0.6333333333333333
48137,0.0
48139,0.0
48141,0.5666666666666667
48143,0.3666666666666667
48147,0.65
48149,0.0
48151,1.8
48153,1.85
48155,1.5
48157,0.0
48159,0.8
48161,0.0
48163,0.0
48165,3.9
48167,0.15
48169,2.6
48171,0.016666666666666666
48175,0.05
48177,0.08333333333333333
48179,12.4
48183,0.4
48185,0.0
48187,0.0
48189,4.533333333333333
48191,2.8
48195,2.1
48197,1.2000000000000002
48199,0.06666666666666667
48201,0.0
48203,0.4
48205,11.5
48207,1.5
48209,0.16666666666666666
48215,0.2
48217,0.27999999999999997
48219,6.4
48221,0.0
48227,0.7333333333333334
48229,0.1
48231,0.0
48233,8.9
48235,0.0
48239,0.0
48241,0.0
48243,1.9333333333333333
48245,0.05
48247,0.2
48249,0.0
48251,0.35
48253,1.5
48255,0.1
48257,0.0
48259,0.06000000000000001
48261,0.3
48263,1.9
48265,0.06666666666666667
48267,0.0
48269,2.1
48271,0.1
48273,0.1
48275,0.3
48279,3.6999999999999997
48281,0.0
48283,0.1
48285,0.1
48287,0.05
48289,0.0
48291,0.03333333333333333
48293,0.0
48295,2.85
48297,0.1
48299,0.0
48303,4.566666666666666
48305,4.3
48307,0.4
48309,0.0
48311,0.07500000000000001
48313,0.05
48315,0.0
48317,1.8
48321,0.0
48323,0.0
48325,0.025
48329,1.2
48331,0.0
48333,0.0
48337,0.4
48339,0.0
48341,3.0
48345,2.1666666666666665
48347,0.0
48349,0.0
48351,0.0
48353,0.3
48355,0.14
48357,6.05
48359,4.5
48361,0.0
48363,0.06666666666666667
48369,9.9
48371,0.26666666666666666
48373,0.0
48375,9.3
48377,0.5
48379,0.0
48381,7.25
48383,0.8500000000000001
48385,0.0
48387,0.8
48389,0.2
48391,0.0
48395,0.0
48397,0.0
48399,0.8
48403,0.0
48405,0.0
48409,0.1
48411,0.15
48413,0.5
48415,0.55
48417,0.9
48419,0.0
48425,0.0
48427,0.0
48429,0.4
48431,0.2
48433,1.0
48437,4.1
48439,0.375
48441,0.6799999999999999
48443,0.2
48445,3.3
48447,0.0
48449,0.9
48451,0.8500000000000001
48453,0.05
48457,0.06666666666666667
48461,0.3
48463,0.05
48465,0.0
48469,0.06666666666666667
48471,0.0
48475,0.65
48477,0.0
48479,0.1
48481,0.0
48483,0.2
48485,1.9
48487,0.2
48489,0.2
48491,0.0
48493,0.05
48497,0.0
48499,0.5
48501,2.9
48505,0.2
48507,0.0
49001,91.8
49003,55.199999999999996
49005,70.34
49007,65.95
49009,57.8
49011,56.400000000000006
49013,60.0
49015,28.325
49017,49.93333333333333
49019,17.8
49023,32.975
49025,25.125
49027,37.0
49033,74.76666666666667
49035,47.9
49037,31.24285714285714
49039,61.3
49041,27.7
49043,79.8
49045,63.06666666666666
49047,47.525000000000006
49049,51.239999999999995
49051,66.2
49053,7.885714285714286
49055,41.2
49057,92.6
50001,66.2
50003,60.9
50005,87.5
50007,67.4
50009,89.7
50011,67.2
50013,56.8
50015,94.2
50019,83.7
50021,69.55000000000001
50023,84.2
50025,81.7
50027,79.83333333333333
51001,3.85
51003,8.299999999999999
51005,17.5
51009,2.8
51011,2.8
51013,4.4
51015,19.6
51019,4.85
51021,21.2
51023,5.1
51025,5.1
51027,12.4
51029,7.7
51031,5.733333333333333
51037,3.25
51051,22.3
51059,7.75
51061,13.1
51063,13.2
51065,4.5
51067,8.6
51069,20.8
51071,14.9
51075,5.9
51077,8.4
51083,1.9
51085,7.1
51087,5.5
51091,26.0
51097,4.0
51101,4.3
51105,5.8
51107,7.0
51109,7.1
51115,4.5
51117,0.9
51121,14.333333333333334
51137,11.0
51139,8.6
51141,4.766666666666667
51143,4.6
51155,13.0
51157,15.1
51159,5.5
51161,6.7
51163,8.1
51165,14.5
51167,6.5
51171,20.3
51173,6.9
51183,2.45
51185,21.85
51187,14.7
51195,10.4
51197,13.4
51199,2.5
51530,5.5
51580,3.9
51590,3.55
51595,0.5
51640,10.7
51650,2.5
51670,0.6
51678,7.3
51680,10.6
51690,2.2
51770,8.5
51790,15.3
51800,1.7
51810,2.7
51840,17.0
53001,33.2
53007,80.22500000000001
53009,2.3000000000000003
53011,0.9
53015,2.5
53017,54.7
53019,92.6
53021,21.9
53027,0.3333333333333333
53029,2.1
53031,0.5
53033,19.785714285714285
53035,2.1
53039,44.7
53041,10.6
53043,44.4
53045,2.3
53047,97.25
53049,0.13333333333333333
53051,91.7
53053,21.8
53055,7.3
53057,11.7
53059,14.1
53061,4.2
53063,51.2
53065,72.7
53067,2.7
53069,1.7
53071,7.0
53073,30.2
53075,28.2
53077,31.25
54001,31.3
54007,13.8
54011,5.9
54017,19.3
54021,21.299999999999997
54023,54.1
54025,28.550000000000004
54027,22.4
54033,21.4
54035,15.7
54039,14.2
54041,19.5
54043,12.8
54045,11.0
54055,22.666666666666668
54057,26.4
54063,16.25
54067,40.3
54069,13.5
54075,42.725
54077,45.8
54081,25.5
54083,40.63333333333333
54087,18.9
54089,14.2
54091,24.0
54093,50.5
54095,21.2
54097,32.900000000000006
54099,10.766666666666666
54101,36.6
54109,11.9
55001,66.8
55003,94.6
55005,78.2
55007,90.4
55009,64.60000000000001
55011,68.9
55013,80.5
55015,61.849999999999994
55017,73.15
55019,76.6
55021,60.0
55023,56.0
55025,49.6
55027,57.349999999999994
55029,62.875
55031,79.69999999999999
55033,64.7
55035,71.0
55037,81.9
55039,58.05
55041,87.44999999999999
55043,63.05
55045,50.7
55047,48.4
55049,61.2
55051,96.2
55053,60.8
55055,50.06
55057,62.1
55059,30.2
55061,52.1
55063,63.800000000000004
55065,47.95
55067,79.46666666666667
55069,83.0
55071,50.4
55073,81.5
55075,67.5
55077,66.4
55079,43.96666666666667
55081,73.1
55083,70.3
55085,90.46000000000001
55087,64.39999999999999
55089,38.9
55095,81.7
55097,75.1
55101,39.733333333333334
55103,59.5
55105,46.9
55107,80.2
55109,74.1
55111,52.3
55113,88.6
55115,72.4
55117,54.7
55119,83.33333333333333
55121,68.75
55123,60.02
55125,90.92
55127,48.2
55129,79.8
55131,55.45
55133,47.8
55135,71.3
55137,68.65
55139,55.5
55141,75.1
56001,55.0
56003,36.5
56005,56.199999999999996
56007,30.75
56009,47.150000000000006
56011,68.1
56013,51.8
56015,34.02
56017,71.33333333333333
56019,42.63333333333333
56021,32.86666666666667
56023,69.0
56025,64.25
56027,40.0
56029,43.75
56031,39.266666666666666
56033,68.14000000000001
56035,95.725
56037,60.1
56039,99.37142857142858
56041,70.7
56043,79.6
56045,53.0
